Roi,Fast Period,Slow Period,high & low Period,high & low Error,Gain Value
0.022805700000000043,2,3,21,0.1,4.0
0.02348970000000007,2,4,21,0.1,4.0
0.022653699999999968,2,5,21,0.1,4.0
0.022653699999999968,2,6,21,0.1,4.0
0.01839769999999995,2,7,21,0.1,4.0
0.01934769999999995,2,8,21,0.1,4.0
0.019678300000000124,2,9,21,0.1,4.0
0.0,2,10,21,0.1,4.0
0.0,2,11,21,0.1,4.0
0.018473700000000096,2,12,21,0.1,4.0
0.023903899999999995,2,13,21,0.1,4.0
0.023903899999999995,2,14,21,0.1,4.0
0.023641700000000147,2,15,21,0.1,4.0
0.023641700000000147,2,16,21,0.1,4.0
0.01809370000000001,2,17,21,0.1,4.0
0.01809370000000001,2,18,21,0.1,4.0
0.023641700000000147,2,19,21,0.1,4.0
0.01809370000000001,2,20,21,0.1,4.0
0.0,2,21,21,0.1,4.0
0.0,2,22,21,0.1,4.0
0.0,2,23,21,0.1,4.0
0.0,2,24,21,0.1,4.0
0.0,2,25,21,0.1,4.0
0.0,2,26,21,0.1,4.0
0.0,2,27,21,0.1,4.0
0.018781120000000037,2,28,21,0.1,4.0
0.019086639999999974,2,29,21,0.1,4.0
0.0,2,30,21,0.1,4.0
0.0,2,31,21,0.1,4.0
0.0,2,32,21,0.1,4.0
0.0,2,33,21,0.1,4.0
0.0,2,34,21,0.1,4.0
0.0,2,35,21,0.1,4.0
0.0,2,36,21,0.1,4.0
0.0,2,37,21,0.1,4.0
0.0,2,38,21,0.1,4.0
0.0,2,39,21,0.1,4.0
0.0,2,40,21,0.1,4.0
0.0,2,41,21,0.1,4.0
0.0,2,42,21,0.1,4.0
0.0,2,43,21,0.1,4.0
0.0,2,44,21,0.1,4.0
0.0,2,45,21,0.1,4.0
0.0,2,46,21,0.1,4.0
0.0,2,47,21,0.1,4.0
0.0,2,48,21,0.1,4.0
0.0,2,49,21,0.1,4.0
0.0,2,50,21,0.1,4.0
0.0,3,3,21,0.1,4.0
0.02348970000000007,3,4,21,0.1,4.0
0.01999370000000001,3,5,21,0.1,4.0
0.01999370000000001,3,6,21,0.1,4.0
0.01999370000000001,3,7,21,0.1,4.0
0.0192907,3,8,21,0.1,4.0
0.0192907,3,9,21,0.1,4.0
0.0,3,10,21,0.1,4.0
0.023261700000000062,3,11,21,0.1,4.0
0.023903899999999995,3,12,21,0.1,4.0
0.023451700000000103,3,13,21,0.1,4.0
0.023451700000000103,3,14,21,0.1,4.0
0.023451700000000103,3,15,21,0.1,4.0
0.01851170000000006,3,16,21,0.1,4.0
0.0,3,17,21,0.1,4.0
0.0,3,18,21,0.1,4.0
0.0,3,19,21,0.1,4.0
0.0,3,20,21,0.1,4.0
0.0,3,21,21,0.1,4.0
0.0,3,22,21,0.1,4.0
0.0,3,23,21,0.1,4.0
0.0,3,24,21,0.1,4.0
0.0,3,25,21,0.1,4.0
0.0,3,26,21,0.1,4.0
0.020379020000000123,3,27,21,0.1,4.0
0.0,3,28,21,0.1,4.0
0.019086639999999974,3,29,21,0.1,4.0
0.018933879999999896,3,30,21,0.1,4.0
0.0,3,31,21,0.1,4.0
0.0,3,32,21,0.1,4.0
0.0,3,33,21,0.1,4.0
0.0,3,34,21,0.1,4.0
0.0,3,35,21,0.1,4.0
0.0,3,36,21,0.1,4.0
0.0,3,37,21,0.1,4.0
0.0,3,38,21,0.1,4.0
0.0,3,39,21,0.1,4.0
0.0,3,40,21,0.1,4.0
0.0,3,41,21,0.1,4.0
0.0,3,42,21,0.1,4.0
0.0,3,43,21,0.1,4.0
0.0,3,44,21,0.1,4.0
0.0,3,45,21,0.1,4.0
0.0,3,46,21,0.1,4.0
0.0,3,47,21,0.1,4.0
0.0,3,48,21,0.1,4.0
0.0,3,49,21,0.1,4.0
0.0,3,50,21,0.1,4.0
0.0,4,4,21,0.1,4.0
0.02029769999999995,4,5,21,0.1,4.0
0.02029769999999995,4,6,21,0.1,4.0
0.01873970000000007,4,7,21,0.1,4.0
0.0,4,8,21,0.1,4.0
0.023261700000000062,4,9,21,0.1,4.0
0.023261700000000062,4,10,21,0.1,4.0
0.023261700000000062,4,11,21,0.1,4.0
0.023451700000000103,4,12,21,0.1,4.0
0.023451700000000103,4,13,21,0.1,4.0
0.023451700000000103,4,14,21,0.1,4.0
0.023641700000000147,4,15,21,0.1,4.0
0.023641700000000147,4,16,21,0.1,4.0
0.023641700000000147,4,17,21,0.1,4.0
0.023641700000000147,4,18,21,0.1,4.0
0.023641700000000147,4,19,21,0.1,4.0
0.0,4,20,21,0.1,4.0
0.0,4,21,21,0.1,4.0
0.0,4,22,21,0.1,4.0
0.0,4,23,21,0.1,4.0
0.0,4,24,21,0.1,4.0
0.019844359999999953,4,25,21,0.1,4.0
0.019844359999999953,4,26,21,0.1,4.0
0.020302260000000166,4,27,21,0.1,4.0
0.0,4,28,21,0.1,4.0
0.0,4,29,21,0.1,4.0
0.0,4,30,21,0.1,4.0
0.0,4,31,21,0.1,4.0
0.0,4,32,21,0.1,4.0
0.0,4,33,21,0.1,4.0
0.0,4,34,21,0.1,4.0
0.0,4,35,21,0.1,4.0
0.0,4,36,21,0.1,4.0
0.0,4,37,21,0.1,4.0
0.0,4,38,21,0.1,4.0
0.0,4,39,21,0.1,4.0
0.0,4,40,21,0.1,4.0
0.0,4,41,21,0.1,4.0
0.0,4,42,21,0.1,4.0
0.0178752,4,43,21,0.1,4.0
0.018562620000000026,4,44,21,0.1,4.0
0.0,4,45,21,0.1,4.0
0.01802795999999986,4,46,21,0.1,4.0
0.0,4,47,21,0.1,4.0
0.0,4,48,21,0.1,4.0
0.0,4,49,21,0.1,4.0
0.0,4,50,21,0.1,4.0
0.0,5,5,21,0.1,4.0
0.020753699999999965,5,6,21,0.1,4.0
0.01839769999999995,5,7,21,0.1,4.0
0.023903899999999995,5,8,21,0.1,4.0
0.023261700000000062,5,9,21,0.1,4.0
0.023451700000000103,5,10,21,0.1,4.0
0.023451700000000103,5,11,21,0.1,4.0
0.023451700000000103,5,12,21,0.1,4.0
0.023641700000000147,5,13,21,0.1,4.0
0.023641700000000147,5,14,21,0.1,4.0
0.022957700000000122,5,15,21,0.1,4.0
0.01851170000000006,5,16,21,0.1,4.0
0.0,5,17,21,0.1,4.0
0.019462460000000088,5,18,21,0.1,4.0
0.019462460000000088,5,19,21,0.1,4.0
0.01938570000000013,5,20,21,0.1,4.0
0.019691600000000097,5,21,21,0.1,4.0
0.019615219999999947,5,22,21,0.1,4.0
0.019764924800000142,5,23,21,0.1,4.0
0.019691220000000068,5,24,21,0.1,4.0
0.0197676,5,25,21,0.1,4.0
0.0197676,5,26,21,0.1,4.0
0.0,5,27,21,0.1,4.0
0.0,5,28,21,0.1,4.0
0.0,5,29,21,0.1,4.0
0.0,5,30,21,0.1,4.0
0.0,5,31,21,0.1,4.0
0.0,5,32,21,0.1,4.0
0.0,5,33,21,0.1,4.0
0.0,5,34,21,0.1,4.0
0.0,5,35,21,0.1,4.0
0.0,5,36,21,0.1,4.0
0.0,5,37,21,0.1,4.0
0.0,5,38,21,0.1,4.0
0.0,5,39,21,0.1,4.0
0.0,5,40,21,0.1,4.0
0.0,5,41,21,0.1,4.0
0.0,5,42,21,0.1,4.0
0.0178752,5,43,21,0.1,4.0
0.018562620000000026,5,44,21,0.1,4.0
0.0,5,45,21,0.1,4.0
0.0,5,46,21,0.1,4.0
0.0,5,47,21,0.1,4.0
0.0,5,48,21,0.1,4.0
0.01818071999999994,5,49,21,0.1,4.0
0.0178752,5,50,21,0.1,4.0
0.0,6,6,21,0.1,4.0
0.018131699999999976,6,7,21,0.1,4.0
0.023903899999999995,6,8,21,0.1,4.0
0.023261700000000062,6,9,21,0.1,4.0
0.023451700000000103,6,10,21,0.1,4.0
0.023641700000000147,6,11,21,0.1,4.0
0.023641700000000147,6,12,21,0.1,4.0
0.023641700000000147,6,13,21,0.1,4.0
0.022957700000000122,6,14,21,0.1,4.0
0.022957700000000122,6,15,21,0.1,4.0
0.022805700000000043,6,16,21,0.1,4.0
0.023641700000000147,6,17,21,0.1,4.0
0.023641700000000147,6,18,21,0.1,4.0
0.01938570000000013,6,19,21,0.1,4.0
0.01938570000000013,6,20,21,0.1,4.0
0.0,6,21,21,0.1,4.0
0.019538459999999994,6,22,21,0.1,4.0
0.019688164800000185,6,23,21,0.1,4.0
0.019691220000000068,6,24,21,0.1,4.0
0.0,6,25,21,0.1,4.0
0.0,6,26,21,0.1,4.0
0.0,6,27,21,0.1,4.0
0.0,6,28,21,0.1,4.0
0.0,6,29,21,0.1,4.0
0.0,6,30,21,0.1,4.0
0.0,6,31,21,0.1,4.0
0.0,6,32,21,0.1,4.0
0.0,6,33,21,0.1,4.0
0.0,6,34,21,0.1,4.0
0.0,6,35,21,0.1,4.0
0.0,6,36,21,0.1,4.0
0.0,6,37,21,0.1,4.0
0.0,6,38,21,0.1,4.0
0.0,6,39,21,0.1,4.0
0.0,6,40,21,0.1,4.0
0.0,6,41,21,0.1,4.0
0.0,6,42,21,0.1,4.0
0.0,6,43,21,0.1,4.0
0.0,6,44,21,0.1,4.0
0.0,6,45,21,0.1,4.0
0.0,6,46,21,0.1,4.0
0.0,6,47,21,0.1,4.0
0.0,6,48,21,0.1,4.0
0.0,6,49,21,0.1,4.0
0.0,6,50,21,0.1,4.0
0.0,7,7,21,0.1,4.0
0.023451700000000103,7,8,21,0.1,4.0
0.023261700000000062,7,9,21,0.1,4.0
0.023641700000000147,7,10,21,0.1,4.0
0.023641700000000147,7,11,21,0.1,4.0
0.022957700000000122,7,12,21,0.1,4.0
0.022957700000000122,7,13,21,0.1,4.0
0.022957700000000122,7,14,21,0.1,4.0
0.022805700000000043,7,15,21,0.1,4.0
0.022805700000000043,7,16,21,0.1,4.0
0.023641700000000147,7,17,21,0.1,4.0
0.019462460000000088,7,18,21,0.1,4.0
0.0,7,19,21,0.1,4.0
0.0,7,20,21,0.1,4.0
0.0,7,21,21,0.1,4.0
0.0,7,22,21,0.1,4.0
0.0,7,23,21,0.1,4.0
0.0,7,24,21,0.1,4.0
0.0,7,25,21,0.1,4.0
0.0,7,26,21,0.1,4.0
0.0,7,27,21,0.1,4.0
0.0,7,28,21,0.1,4.0
0.0,7,29,21,0.1,4.0
0.0,7,30,21,0.1,4.0
0.0,7,31,21,0.1,4.0
0.0,7,32,21,0.1,4.0
0.0,7,33,21,0.1,4.0
0.0,7,34,21,0.1,4.0
0.0,7,35,21,0.1,4.0
0.0,7,36,21,0.1,4.0
0.0,7,37,21,0.1,4.0
0.0,7,38,21,0.1,4.0
0.0,7,39,21,0.1,4.0
0.0,7,40,21,0.1,4.0
0.0,7,41,21,0.1,4.0
0.0,7,42,21,0.1,4.0
0.0,7,43,21,0.1,4.0
0.0,7,44,21,0.1,4.0
0.0,7,45,21,0.1,4.0
0.0,7,46,21,0.1,4.0
0.0,7,47,21,0.1,4.0
0.0,7,48,21,0.1,4.0
0.0,7,49,21,0.1,4.0
0.0,7,50,21,0.1,4.0
0.0,8,8,21,0.1,4.0
0.023261700000000062,8,9,21,0.1,4.0
0.023641700000000147,8,10,21,0.1,4.0
0.022957700000000122,8,11,21,0.1,4.0
0.022957700000000122,8,12,21,0.1,4.0
0.022805700000000043,8,13,21,0.1,4.0
0.022805700000000043,8,14,21,0.1,4.0
0.022805700000000043,8,15,21,0.1,4.0
0.023413700000000138,8,16,21,0.1,4.0
0.01938570000000013,8,17,21,0.1,4.0
0.0,8,18,21,0.1,4.0
0.0,8,19,21,0.1,4.0
0.0,8,20,21,0.1,4.0
0.0,8,21,21,0.1,4.0
0.0,8,22,21,0.1,4.0
0.0,8,23,21,0.1,4.0
0.0,8,24,21,0.1,4.0
0.0,8,25,21,0.1,4.0
0.0,8,26,21,0.1,4.0
0.0,8,27,21,0.1,4.0
0.0,8,28,21,0.1,4.0
0.0,8,29,21,0.1,4.0
0.0,8,30,21,0.1,4.0
0.0,8,31,21,0.1,4.0
0.0,8,32,21,0.1,4.0
0.0,8,33,21,0.1,4.0
0.0,8,34,21,0.1,4.0
0.0,8,35,21,0.1,4.0
0.0,8,36,21,0.1,4.0
0.0,8,37,21,0.1,4.0
0.0,8,38,21,0.1,4.0
0.0,8,39,21,0.1,4.0
0.0,8,40,21,0.1,4.0
0.0,8,41,21,0.1,4.0
0.0,8,42,21,0.1,4.0
0.0,8,43,21,0.1,4.0
0.0,8,44,21,0.1,4.0
0.0,8,45,21,0.1,4.0
0.0,8,46,21,0.1,4.0
0.0,8,47,21,0.1,4.0
0.0,8,48,21,0.1,4.0
0.0,8,49,21,0.1,4.0
0.0,8,50,21,0.1,4.0
0.0,9,9,21,0.1,4.0
0.022957700000000122,9,10,21,0.1,4.0
0.022957700000000122,9,11,21,0.1,4.0
0.022805700000000043,9,12,21,0.1,4.0
0.022805700000000043,9,13,21,0.1,4.0
0.023717700000000078,9,14,21,0.1,4.0
0.023413700000000138,9,15,21,0.1,4.0
0.023413700000000138,9,16,21,0.1,4.0
0.0,9,17,21,0.1,4.0
0.0,9,18,21,0.1,4.0
0.0,9,19,21,0.1,4.0
0.0,9,20,21,0.1,4.0
0.0,9,21,21,0.1,4.0
0.0,9,22,21,0.1,4.0
0.0,9,23,21,0.1,4.0
0.0,9,24,21,0.1,4.0
0.018475599999999877,9,25,21,0.1,4.0
0.0,9,26,21,0.1,4.0
0.0,9,27,21,0.1,4.0
0.0,9,28,21,0.1,4.0
0.0,9,29,21,0.1,4.0
0.0,9,30,21,0.1,4.0
0.0,9,31,21,0.1,4.0
0.0,9,32,21,0.1,4.0
0.0,9,33,21,0.1,4.0
0.0,9,34,21,0.1,4.0
0.0,9,35,21,0.1,4.0
0.0,9,36,21,0.1,4.0
0.0,9,37,21,0.1,4.0
0.0,9,38,21,0.1,4.0
0.01845888000000001,9,39,21,0.1,4.0
0.01845888000000001,9,40,21,0.1,4.0
0.01868802000000002,9,41,21,0.1,4.0
0.018571158600000047,9,42,21,0.1,4.0
0.01891716000000003,9,43,21,0.1,4.0
0.019604580000000055,9,44,21,0.1,4.0
0.018611640000000092,9,45,21,0.1,4.0
0.01906991999999989,9,46,21,0.1,4.0
0.0,9,47,21,0.1,4.0
0.0,9,48,21,0.1,4.0
0.0,9,49,21,0.1,4.0
0.01891716000000003,9,50,21,0.1,4.0
0.0,10,10,21,0.1,4.0
0.022805700000000043,10,11,21,0.1,4.0
0.022805700000000043,10,12,21,0.1,4.0
0.023717700000000078,10,13,21,0.1,4.0
0.023413700000000138,10,14,21,0.1,4.0
0.023413700000000138,10,15,21,0.1,4.0
0.023641700000000147,10,16,21,0.1,4.0
0.0,10,17,21,0.1,4.0
0.0,10,18,21,0.1,4.0
0.0,10,19,21,0.1,4.0
0.0,10,20,21,0.1,4.0
0.0,10,21,21,0.1,4.0
0.0,10,22,21,0.1,4.0
0.0,10,23,21,0.1,4.0
0.0,10,24,21,0.1,4.0
0.0,10,25,21,0.1,4.0
0.0,10,26,21,0.1,4.0
0.0,10,27,21,0.1,4.0
0.0,10,28,21,0.1,4.0
0.0,10,29,21,0.1,4.0
0.0,10,30,21,0.1,4.0
0.0,10,31,21,0.1,4.0
0.0,10,32,21,0.1,4.0
0.0,10,33,21,0.1,4.0
0.0,10,34,21,0.1,4.0
0.0,10,35,21,0.1,4.0
0.0,10,36,21,0.1,4.0
0.0,10,37,21,0.1,4.0
0.0,10,38,21,0.1,4.0
0.0,10,39,21,0.1,4.0
0.0,10,40,21,0.1,4.0
0.0,10,41,21,0.1,4.0
0.0,10,42,21,0.1,4.0
0.0,10,43,21,0.1,4.0
0.0,10,44,21,0.1,4.0
0.0,10,45,21,0.1,4.0
0.0,10,46,21,0.1,4.0
0.0,10,47,21,0.1,4.0
0.0,10,48,21,0.1,4.0
0.0,10,49,21,0.1,4.0
0.01905320000000001,10,50,21,0.1,4.0
0.0,11,11,21,0.1,4.0
0.023717700000000078,11,12,21,0.1,4.0
0.023413700000000138,11,13,21,0.1,4.0
0.023413700000000138,11,14,21,0.1,4.0
0.023641700000000147,11,15,21,0.1,4.0
0.02386969999999994,11,16,21,0.1,4.0
0.01938570000000013,11,17,21,0.1,4.0
0.0,11,18,21,0.1,4.0
0.0,11,19,21,0.1,4.0
0.0,11,20,21,0.1,4.0
0.0,11,21,21,0.1,4.0
0.0,11,22,21,0.1,4.0
0.0,11,23,21,0.1,4.0
0.0,11,24,21,0.1,4.0
0.0,11,25,21,0.1,4.0
0.0,11,26,21,0.1,4.0
0.0,11,27,21,0.1,4.0
0.0,11,28,21,0.1,4.0
0.0,11,29,21,0.1,4.0
0.0,11,30,21,0.1,4.0
0.0,11,31,21,0.1,4.0
0.0,11,32,21,0.1,4.0
0.0,11,33,21,0.1,4.0
0.0,11,34,21,0.1,4.0
0.0,11,35,21,0.1,4.0
0.0,11,36,21,0.1,4.0
0.0,11,37,21,0.1,4.0
0.0,11,38,21,0.1,4.0
0.0,11,39,21,0.1,4.0
0.0,11,40,21,0.1,4.0
0.0,11,41,21,0.1,4.0
0.0,11,42,21,0.1,4.0
0.0,11,43,21,0.1,4.0
0.0,11,44,21,0.1,4.0
0.0,11,45,21,0.1,4.0
0.0,11,46,21,0.1,4.0
0.0,11,47,21,0.1,4.0
0.0,11,48,21,0.1,4.0
0.02008071999999994,11,49,21,0.1,4.0
0.0,11,50,21,0.1,4.0
0.0,12,12,21,0.1,4.0
0.023413700000000138,12,13,21,0.1,4.0
0.023641700000000147,12,14,21,0.1,4.0
0.023641700000000147,12,15,21,0.1,4.0
0.02386969999999994,12,16,21,0.1,4.0
0.019462460000000088,12,17,21,0.1,4.0
0.019462460000000088,12,18,21,0.1,4.0
0.0,12,19,21,0.1,4.0
0.0,12,20,21,0.1,4.0
0.0,12,21,21,0.1,4.0
0.0,12,22,21,0.1,4.0
0.0,12,23,21,0.1,4.0
0.0,12,24,21,0.1,4.0
0.0,12,25,21,0.1,4.0
0.018475599999999877,12,26,21,0.1,4.0
0.0,12,27,21,0.1,4.0
0.0,12,28,21,0.1,4.0
0.0,12,29,21,0.1,4.0
0.0,12,30,21,0.1,4.0
0.0,12,31,21,0.1,4.0
0.0,12,32,21,0.1,4.0
0.0,12,33,21,0.1,4.0
0.0,12,34,21,0.1,4.0
0.0,12,35,21,0.1,4.0
0.0,12,36,21,0.1,4.0
0.0,12,37,21,0.1,4.0
0.0,12,38,21,0.1,4.0
0.0,12,39,21,0.1,4.0
0.0,12,40,21,0.1,4.0
0.0,12,41,21,0.1,4.0
0.0,12,42,21,0.1,4.0
0.0,12,43,21,0.1,4.0
0.0,12,44,21,0.1,4.0
0.0,12,45,21,0.1,4.0
0.0,12,46,21,0.1,4.0
0.0,12,47,21,0.1,4.0
0.0,12,48,21,0.1,4.0
0.0,12,49,21,0.1,4.0
0.0,12,50,21,0.1,4.0
0.0,13,13,21,0.1,4.0
0.023641700000000147,13,14,21,0.1,4.0
0.02386969999999994,13,15,21,0.1,4.0
0.024173700000000096,13,16,21,0.1,4.0
0.024249700000000027,13,17,21,0.1,4.0
0.018131699999999976,13,18,21,0.1,4.0
0.01938570000000013,13,19,21,0.1,4.0
0.0,13,20,21,0.1,4.0
0.01832284000000002,13,21,21,0.1,4.0
0.01824645999999987,13,22,21,0.1,4.0
0.018396164800000066,13,23,21,0.1,4.0
0.01839921999999995,13,24,21,0.1,4.0
0.0,13,25,21,0.1,4.0
0.0,13,26,21,0.1,4.0
0.0,13,27,21,0.1,4.0
0.0,13,28,21,0.1,4.0
0.0,13,29,21,0.1,4.0
0.0,13,30,21,0.1,4.0
0.0,13,31,21,0.1,4.0
0.0,13,32,21,0.1,4.0
0.0,13,33,21,0.1,4.0
0.0,13,34,21,0.1,4.0
0.0,13,35,21,0.1,4.0
0.0,13,36,21,0.1,4.0
0.0,13,37,21,0.1,4.0
0.0,13,38,21,0.1,4.0
0.0,13,39,21,0.1,4.0
0.0,13,40,21,0.1,4.0
0.0,13,41,21,0.1,4.0
0.0,13,42,21,0.1,4.0
0.0,13,43,21,0.1,4.0
0.0,13,44,21,0.1,4.0
0.0,13,45,21,0.1,4.0
0.0,13,46,21,0.1,4.0
0.0,13,47,21,0.1,4.0
0.0,13,48,21,0.1,4.0
0.0,13,49,21,0.1,4.0
0.0,13,50,21,0.1,4.0
0.0,14,14,21,0.1,4.0
0.02386969999999994,14,15,21,0.1,4.0
0.018131699999999976,14,16,21,0.1,4.0
0.024249700000000027,14,17,21,0.1,4.0
0.018131699999999976,14,18,21,0.1,4.0
0.0,14,19,21,0.1,4.0
0.01809370000000001,14,20,21,0.1,4.0
0.0,14,21,21,0.1,4.0
0.0,14,22,21,0.1,4.0
0.0,14,23,21,0.1,4.0
0.0,14,24,21,0.1,4.0
0.0,14,25,21,0.1,4.0
0.0,14,26,21,0.1,4.0
0.0,14,27,21,0.1,4.0
0.0,14,28,21,0.1,4.0
0.0,14,29,21,0.1,4.0
0.0,14,30,21,0.1,4.0
0.0,14,31,21,0.1,4.0
0.0,14,32,21,0.1,4.0
0.0,14,33,21,0.1,4.0
0.0,14,34,21,0.1,4.0
0.0,14,35,21,0.1,4.0
0.0,14,36,21,0.1,4.0
0.0,14,37,21,0.1,4.0
0.0,14,38,21,0.1,4.0
0.0,14,39,21,0.1,4.0
0.0,14,40,21,0.1,4.0
0.0,14,41,21,0.1,4.0
0.0,14,42,21,0.1,4.0
0.0,14,43,21,0.1,4.0
0.02604862000000013,14,44,21,0.1,4.0
0.024713680000000043,14,45,21,0.1,4.0
0.0,14,46,21,0.1,4.0
0.018747680000000072,14,47,21,0.1,4.0
0.0,14,48,21,0.1,4.0
0.0,14,49,21,0.1,4.0
0.0,14,50,21,0.1,4.0
0.0,15,15,21,0.1,4.0
0.018131699999999976,15,16,21,0.1,4.0
0.018853699999999966,15,17,21,0.1,4.0
0.01961370000000014,15,18,21,0.1,4.0
0.01961370000000014,15,19,21,0.1,4.0
0.01809370000000001,15,20,21,0.1,4.0
0.0,15,21,21,0.1,4.0
0.0,15,22,21,0.1,4.0
0.0,15,23,21,0.1,4.0
0.0,15,24,21,0.1,4.0
0.0,15,25,21,0.1,4.0
0.0,15,26,21,0.1,4.0
0.0,15,27,21,0.1,4.0
0.0,15,28,21,0.1,4.0
0.0,15,29,21,0.1,4.0
0.0,15,30,21,0.1,4.0
0.0,15,31,21,0.1,4.0
0.0,15,32,21,0.1,4.0
0.0,15,33,21,0.1,4.0
0.0,15,34,21,0.1,4.0
0.0,15,35,21,0.1,4.0
0.0,15,36,21,0.1,4.0
0.0,15,37,21,0.1,4.0
0.0,15,38,21,0.1,4.0
0.0,15,39,21,0.1,4.0
0.0,15,40,21,0.1,4.0
0.0,15,41,21,0.1,4.0
0.0,15,42,21,0.1,4.0
0.025361200000000104,15,43,21,0.1,4.0
0.02570662000000001,15,44,21,0.1,4.0
0.024827680000000157,15,45,21,0.1,4.0
0.01920595999999987,15,46,21,0.1,4.0
0.0,15,47,21,0.1,4.0
0.0,15,48,21,0.1,4.0
0.0,15,49,21,0.1,4.0
0.0,15,50,21,0.1,4.0
0.0,16,16,21,0.1,4.0
0.018853699999999966,16,17,21,0.1,4.0
0.01809370000000001,16,18,21,0.1,4.0
0.01809370000000001,16,19,21,0.1,4.0
0.0,16,20,21,0.1,4.0
0.0,16,21,21,0.1,4.0
0.0,16,22,21,0.1,4.0
0.0,16,23,21,0.1,4.0
0.0,16,24,21,0.1,4.0
0.0,16,25,21,0.1,4.0
0.0,16,26,21,0.1,4.0
0.0,16,27,21,0.1,4.0
0.0,16,28,21,0.1,4.0
0.0,16,29,21,0.1,4.0
0.0,16,30,21,0.1,4.0
0.0,16,31,21,0.1,4.0
0.0,16,32,21,0.1,4.0
0.0,16,33,21,0.1,4.0
0.0,16,34,21,0.1,4.0
0.0,16,35,21,0.1,4.0
0.0,16,36,21,0.1,4.0
0.0,16,37,21,0.1,4.0
0.0,16,38,21,0.1,4.0
0.0,16,39,21,0.1,4.0
0.0,16,40,21,0.1,4.0
0.0,16,41,21,0.1,4.0
0.0,16,42,21,0.1,4.0
0.025361200000000104,16,43,21,0.1,4.0
0.02570662000000001,16,44,21,0.1,4.0
0.024827680000000157,16,45,21,0.1,4.0
0.020003960000000008,16,46,21,0.1,4.0
0.0,16,47,21,0.1,4.0
0.0,16,48,21,0.1,4.0
0.020156720000000086,16,49,21,0.1,4.0
0.0,16,50,21,0.1,4.0
0.0,17,17,21,0.1,4.0
0.01809370000000001,17,18,21,0.1,4.0
0.023299700000000027,17,19,21,0.1,4.0
0.017941700000000147,17,20,21,0.1,4.0
0.023528840000000037,17,21,21,0.1,4.0
0.02387045999999994,17,22,21,0.1,4.0
0.023602164800000082,17,23,21,0.1,4.0
0.0,17,24,21,0.1,4.0
0.0,17,25,21,0.1,4.0
0.0,17,26,21,0.1,4.0
0.0,17,27,21,0.1,4.0
0.0,17,28,21,0.1,4.0
0.0,17,29,21,0.1,4.0
0.0,17,30,21,0.1,4.0
0.0,17,31,21,0.1,4.0
0.0,17,32,21,0.1,4.0
0.0,17,33,21,0.1,4.0
0.0,17,34,21,0.1,4.0
0.0,17,35,21,0.1,4.0
0.0,17,36,21,0.1,4.0
0.0,17,37,21,0.1,4.0
0.0,17,38,21,0.1,4.0
0.0,17,39,21,0.1,4.0
0.0,17,40,21,0.1,4.0
0.0,17,41,21,0.1,4.0
0.02501519860000012,17,42,21,0.1,4.0
0.025019199999999985,17,43,21,0.1,4.0
0.02582062000000012,17,44,21,0.1,4.0
0.024637680000000113,17,45,21,0.1,4.0
0.024715959999999825,17,46,21,0.1,4.0
0.0,17,47,21,0.1,4.0
0.0,17,48,21,0.1,4.0
0.02057471999999992,17,49,21,0.1,4.0
0.0,17,50,21,0.1,4.0
0.0,18,18,21,0.1,4.0
0.01953769999999999,18,19,21,0.1,4.0
0.023413700000000138,18,20,21,0.1,4.0
0.01904484000000001,18,21,21,0.1,4.0
0.018968459999999864,18,22,21,0.1,4.0
0.0,18,23,21,0.1,4.0
0.0,18,24,21,0.1,4.0
0.0,18,25,21,0.1,4.0
0.0,18,26,21,0.1,4.0
0.0,18,27,21,0.1,4.0
0.0,18,28,21,0.1,4.0
0.0,18,29,21,0.1,4.0
0.0,18,30,21,0.1,4.0
0.0,18,31,21,0.1,4.0
0.0,18,32,21,0.1,4.0
0.0,18,33,21,0.1,4.0
0.0,18,34,21,0.1,4.0
0.0,18,35,21,0.1,4.0
0.0,18,36,21,0.1,4.0
0.0,18,37,21,0.1,4.0
0.0,18,38,21,0.1,4.0
0.0,18,39,21,0.1,4.0
0.0,18,40,21,0.1,4.0
0.025132060000000095,18,41,21,0.1,4.0
0.0246731986,18,42,21,0.1,4.0
0.025133200000000095,18,43,21,0.1,4.0
0.02563062000000008,18,44,21,0.1,4.0
0.024257680000000028,18,45,21,0.1,4.0
0.0,18,46,21,0.1,4.0
0.0,18,47,21,0.1,4.0
0.0,18,48,21,0.1,4.0
0.0,18,49,21,0.1,4.0
0.0,18,50,21,0.1,4.0
0.0,19,19,21,0.1,4.0
0.024021700000000017,19,20,21,0.1,4.0
0.023832839999999977,19,21,21,0.1,4.0
0.02387045999999994,19,22,21,0.1,4.0
0.019764924800000142,19,23,21,0.1,4.0
0.0,19,24,21,0.1,4.0
0.0,19,25,21,0.1,4.0
0.0,19,26,21,0.1,4.0
0.0,19,27,21,0.1,4.0
0.0,19,28,21,0.1,4.0
0.0,19,29,21,0.1,4.0
0.0,19,30,21,0.1,4.0
0.0,19,31,21,0.1,4.0
0.0,19,32,21,0.1,4.0
0.0,19,33,21,0.1,4.0
0.0,19,34,21,0.1,4.0
0.0,19,35,21,0.1,4.0
0.0,19,36,21,0.1,4.0
0.0,19,37,21,0.1,4.0
0.0,19,38,21,0.1,4.0
0.0,19,39,21,0.1,4.0
0.0,19,40,21,0.1,4.0
0.025132060000000095,19,41,21,0.1,4.0
0.024787198600000112,19,42,21,0.1,4.0
0.024943200000000054,19,43,21,0.1,4.0
0.02563062000000008,19,44,21,0.1,4.0
0.024257680000000028,19,45,21,0.1,4.0
0.0,19,46,21,0.1,4.0
0.0,19,47,21,0.1,4.0
0.0,19,48,21,0.1,4.0
0.0,19,49,21,0.1,4.0
0.0,19,50,21,0.1,4.0
0.0,20,20,21,0.1,4.0
0.023946840000000087,20,21,21,0.1,4.0
0.02387045999999994,20,22,21,0.1,4.0
0.023602164800000082,20,23,21,0.1,4.0
0.019691220000000068,20,24,21,0.1,4.0
0.0,20,25,21,0.1,4.0
0.0,20,26,21,0.1,4.0
0.0,20,27,21,0.1,4.0
0.0,20,28,21,0.1,4.0
0.0,20,29,21,0.1,4.0
0.0,20,30,21,0.1,4.0
0.0,20,31,21,0.1,4.0
0.0,20,32,21,0.1,4.0
0.0,20,33,21,0.1,4.0
0.0,20,34,21,0.1,4.0
0.0,20,35,21,0.1,4.0
0.0,20,36,21,0.1,4.0
0.0,20,37,21,0.1,4.0
0.0,20,38,21,0.1,4.0
0.024902920000000085,20,39,21,0.1,4.0
0.024902920000000085,20,40,21,0.1,4.0
0.024790059999999975,20,41,21,0.1,4.0
0.024787198600000112,20,42,21,0.1,4.0
0.024943200000000054,20,43,21,0.1,4.0
0.02525061999999999,20,44,21,0.1,4.0
0.0,20,45,21,0.1,4.0
0.0,20,46,21,0.1,4.0
0.0,20,47,21,0.1,4.0
0.0,20,48,21,0.1,4.0
0.0,20,49,21,0.1,4.0
0.0,20,50,21,0.1,4.0
0.0,21,21,21,0.1,4.0
0.02405665999999986,21,22,21,0.1,4.0
0.023602164800000082,21,23,21,0.1,4.0
0.019691220000000068,21,24,21,0.1,4.0
0.0,21,25,21,0.1,4.0
0.0,21,26,21,0.1,4.0
0.0,21,27,21,0.1,4.0
0.0,21,28,21,0.1,4.0
0.0,21,29,21,0.1,4.0
0.0,21,30,21,0.1,4.0
0.0,21,31,21,0.1,4.0
0.0,21,32,21,0.1,4.0
0.0,21,33,21,0.1,4.0
0.0,21,34,21,0.1,4.0
0.0,21,35,21,0.1,4.0
0.0,21,36,21,0.1,4.0
0.0,21,37,21,0.1,4.0
0.02429187999999999,21,38,21,0.1,4.0
0.024902920000000085,21,39,21,0.1,4.0
0.024560919999999965,21,40,21,0.1,4.0
0.024904060000000085,21,41,21,0.1,4.0
0.02459719860000007,21,42,21,0.1,4.0
0.024563199999999966,21,43,21,0.1,4.0
0.0,21,44,21,0.1,4.0
0.0,21,45,21,0.1,4.0
0.0,21,46,21,0.1,4.0
0.0,21,47,21,0.1,4.0
0.0,21,48,21,0.1,4.0
0.0,21,49,21,0.1,4.0
0.0,21,50,21,0.1,4.0
0.0,22,22,21,0.1,4.0
0.02375416480000016,22,23,21,0.1,4.0
0.0,22,24,21,0.1,4.0
0.0,22,25,21,0.1,4.0
0.0,22,26,21,0.1,4.0
0.0,22,27,21,0.1,4.0
0.0,22,28,21,0.1,4.0
0.0,22,29,21,0.1,4.0
0.0,22,30,21,0.1,4.0
0.0,22,31,21,0.1,4.0
0.0,22,32,21,0.1,4.0
0.0,22,33,21,0.1,4.0
0.0,22,34,21,0.1,4.0
0.0,22,35,21,0.1,4.0
0.0,22,36,21,0.1,4.0
0.024221610400000045,22,37,21,0.1,4.0
0.02429187999999999,22,38,21,0.1,4.0
0.024560919999999965,22,39,21,0.1,4.0
0.024674920000000076,22,40,21,0.1,4.0
0.024904060000000085,22,41,21,0.1,4.0
0.02459719860000007,22,42,21,0.1,4.0
0.024563199999999966,22,43,21,0.1,4.0
0.0,22,44,21,0.1,4.0
0.0,22,45,21,0.1,4.0
0.0,22,46,21,0.1,4.0
0.0,22,47,21,0.1,4.0
0.0,22,48,21,0.1,4.0
0.02517272000000006,22,49,21,0.1,4.0
0.0,22,50,21,0.1,4.0
0.0,23,23,21,0.1,4.0
0.017981219999999895,23,24,21,0.1,4.0
0.0,23,25,21,0.1,4.0
0.0,23,26,21,0.1,4.0
0.0,23,27,21,0.1,4.0
0.0,23,28,21,0.1,4.0
0.0,23,29,21,0.1,4.0
0.0,23,30,21,0.1,4.0
0.0,23,31,21,0.1,4.0
0.0,23,32,21,0.1,4.0
0.0,23,33,21,0.1,4.0
0.0,23,34,21,0.1,4.0
0.018136639999999975,23,35,21,0.1,4.0
0.024521019999999998,23,36,21,0.1,4.0
0.024221610400000045,23,37,21,0.1,4.0
0.02394987999999987,23,38,21,0.1,4.0
0.024674920000000076,23,39,21,0.1,4.0
0.024674920000000076,23,40,21,0.1,4.0
0.024714060000000045,23,41,21,0.1,4.0
0.024217198599999983,23,42,21,0.1,4.0
0.0,23,43,21,0.1,4.0
0.0,23,44,21,0.1,4.0
0.0,23,45,21,0.1,4.0
0.0,23,46,21,0.1,4.0
0.0,23,47,21,0.1,4.0
0.019699967600000118,23,48,21,0.1,4.0
0.02517272000000006,23,49,21,0.1,4.0
0.024715200000000045,23,50,21,0.1,4.0
0.0,24,24,21,0.1,4.0
0.0,24,25,21,0.1,4.0
0.0,24,26,21,0.1,4.0
0.01939026000000013,24,27,21,0.1,4.0
0.0,24,28,21,0.1,4.0
0.0,24,29,21,0.1,4.0
0.0,24,30,21,0.1,4.0
0.0,24,31,21,0.1,4.0
0.018060260000000047,24,32,21,0.1,4.0
0.01897187999999986,24,33,21,0.1,4.0
0.019114710599999828,24,34,21,0.1,4.0
0.01912463999999994,24,35,21,0.1,4.0
0.024521019999999998,24,36,21,0.1,4.0
0.023879610399999925,24,37,21,0.1,4.0
0.024063879999999982,24,38,21,0.1,4.0
0.024674920000000076,24,39,21,0.1,4.0
0.024484920000000035,24,40,21,0.1,4.0
0.024334059999999956,24,41,21,0.1,4.0
0.024217198599999983,24,42,21,0.1,4.0
0.0,24,43,21,0.1,4.0
0.0,24,44,21,0.1,4.0
0.0,24,45,21,0.1,4.0
0.0,24,46,21,0.1,4.0
0.0,24,47,21,0.1,4.0
0.024715967600000093,24,48,21,0.1,4.0
0.025020719999999982,24,49,21,0.1,4.0
0.02562720000000008,24,50,21,0.1,4.0
0.0,25,25,21,0.1,4.0
0.024023600000000016,25,26,21,0.1,4.0
0.01939026000000013,25,27,21,0.1,4.0
0.0,25,28,21,0.1,4.0
0.018136639999999975,25,29,21,0.1,4.0
0.017983879999999897,25,30,21,0.1,4.0
0.018060260000000047,25,31,21,0.1,4.0
0.01977026,25,32,21,0.1,4.0
0.018021879999999862,25,33,21,0.1,4.0
0.018164710599999828,25,34,21,0.1,4.0
0.01817463999999994,25,35,21,0.1,4.0
0.024179019999999878,25,36,21,0.1,4.0
0.023879610399999925,25,37,21,0.1,4.0
0.024063879999999982,25,38,21,0.1,4.0
0.024484920000000035,25,39,21,0.1,4.0
0.024104919999999946,25,40,21,0.1,4.0
0.024334059999999956,25,41,21,0.1,4.0
0.0,25,42,21,0.1,4.0
0.0,25,43,21,0.1,4.0
0.0,25,44,21,0.1,4.0
0.0,25,45,21,0.1,4.0
0.0,25,46,21,0.1,4.0
0.019545680000000207,25,47,21,0.1,4.0
0.024715967600000093,25,48,21,0.1,4.0
0.025020719999999982,25,49,21,0.1,4.0
0.02562720000000008,25,50,21,0.1,4.0
0.0,26,26,21,0.1,4.0
0.018098260000000012,26,27,21,0.1,4.0
0.018705120000000106,26,28,21,0.1,4.0
0.018934640000000114,26,29,21,0.1,4.0
0.018781880000000035,26,30,21,0.1,4.0
0.018098260000000012,26,31,21,0.1,4.0
0.018098260000000012,26,32,21,0.1,4.0
0.018021879999999862,26,33,21,0.1,4.0
0.018164710599999828,26,34,21,0.1,4.0
0.01817463999999994,26,35,21,0.1,4.0
0.018251019999999868,26,36,21,0.1,4.0
0.02399361040000004,26,37,21,0.1,4.0
0.02387387999999994,26,38,21,0.1,4.0
0.024484920000000035,26,39,21,0.1,4.0
0.024104919999999946,26,40,21,0.1,4.0
0.0,26,41,21,0.1,4.0
0.0,26,42,21,0.1,4.0
0.0,26,43,21,0.1,4.0
0.0,26,44,21,0.1,4.0
0.0,26,45,21,0.1,4.0
0.020003960000000008,26,46,21,0.1,4.0
0.024561680000000183,26,47,21,0.1,4.0
0.024563967600000014,26,48,21,0.1,4.0
0.025932720000000017,26,49,21,0.1,4.0
0.02532320000000014,26,50,21,0.1,4.0
0.0,27,27,21,0.1,4.0
0.017869120000000002,27,28,21,0.1,4.0
0.018934640000000114,27,29,21,0.1,4.0
0.01897187999999986,27,30,21,0.1,4.0
0.01904826000000001,27,31,21,0.1,4.0
0.018098260000000012,27,32,21,0.1,4.0
0.018021879999999862,27,33,21,0.1,4.0
0.01786071059999989,27,34,21,0.1,4.0
0.01787064,27,35,21,0.1,4.0
0.017947019999999928,27,36,21,0.1,4.0
0.023803610399999994,27,37,21,0.1,4.0
0.02387387999999994,27,38,21,0.1,4.0
0.024104919999999946,27,39,21,0.1,4.0
0.024104919999999946,27,40,21,0.1,4.0
0.0,27,41,21,0.1,4.0
0.0,27,42,21,0.1,4.0
0.0,27,43,21,0.1,4.0
0.0,27,44,21,0.1,4.0
0.024987280000000056,27,45,21,0.1,4.0
0.025445559999999853,27,46,21,0.1,4.0
0.024561680000000183,27,47,21,0.1,4.0
0.024563967600000014,27,48,21,0.1,4.0
0.025932720000000017,27,49,21,0.1,4.0
0.02532320000000014,27,50,21,0.1,4.0
0.0,28,28,21,0.1,4.0
0.01787064,28,29,21,0.1,4.0
0.018021879999999862,28,30,21,0.1,4.0
0.018098260000000012,28,31,21,0.1,4.0
0.018098260000000012,28,32,21,0.1,4.0
0.02037787999999988,28,33,21,0.1,4.0
0.01786071059999989,28,34,21,0.1,4.0
0.02421664000000006,28,35,21,0.1,4.0
0.024103019999999947,28,36,21,0.1,4.0
0.023803610399999994,28,37,21,0.1,4.0
0.018515879999999846,28,38,21,0.1,4.0
0.01912691999999994,28,39,21,0.1,4.0
0.024834519999999975,28,40,21,0.1,4.0
0.025063659999999984,28,41,21,0.1,4.0
0.02494679860000001,28,42,21,0.1,4.0
0.025292799999999994,28,43,21,0.1,4.0
0.02598022000000002,28,44,21,0.1,4.0
0.024987280000000056,28,45,21,0.1,4.0
0.020421959999999843,28,46,21,0.1,4.0
0.024561680000000183,28,47,21,0.1,4.0
0.02547596760000005,28,48,21,0.1,4.0
0.025628720000000077,28,49,21,0.1,4.0
0.019091199999999975,28,50,21,0.1,4.0
0.0,29,29,21,0.1,4.0
0.018021879999999862,29,30,21,0.1,4.0
0.018098260000000012,29,31,21,0.1,4.0
0.018098260000000012,29,32,21,0.1,4.0
0.02037787999999988,29,33,21,0.1,4.0
0.020748710599999852,29,34,21,0.1,4.0
0.018668639999999924,29,35,21,0.1,4.0
0.018745019999999852,29,36,21,0.1,4.0
0.0184456103999999,29,37,21,0.1,4.0
0.023493879999999853,29,38,21,0.1,4.0
0.0,29,39,21,0.1,4.0
0.0,29,40,21,0.1,4.0
0.0,29,41,21,0.1,4.0
0.019505198600000166,29,42,21,0.1,4.0
0.01985120000000015,29,43,21,0.1,4.0
0.020538620000000174,29,44,21,0.1,4.0
0.019963680000000046,29,45,21,0.1,4.0
0.02501995999999998,29,46,21,0.1,4.0
0.024409680000000104,29,47,21,0.1,4.0
0.02547596760000005,29,48,21,0.1,4.0
0.025628720000000077,29,49,21,0.1,4.0
0.019091199999999975,29,50,21,0.1,4.0
0.0,30,30,21,0.1,4.0
0.018098260000000012,30,31,21,0.1,4.0
0.020454260000000026,30,32,21,0.1,4.0
0.02037787999999988,30,33,21,0.1,4.0
0.01865871059999981,30,34,21,0.1,4.0
0.018668639999999924,30,35,21,0.1,4.0
0.02091102000000004,30,36,21,0.1,4.0
0.023423610399999906,30,37,21,0.1,4.0
0.0,30,38,21,0.1,4.0
0.01939292000000013,30,39,21,0.1,4.0
0.01939292000000013,30,40,21,0.1,4.0
0.02509406000000013,30,41,21,0.1,4.0
0.024977198600000156,30,42,21,0.1,4.0
0.02532320000000014,30,43,21,0.1,4.0
0.026010620000000165,30,44,21,0.1,4.0
0.024561680000000183,30,45,21,0.1,4.0
0.024867959999999904,30,46,21,0.1,4.0
0.024409680000000104,30,47,21,0.1,4.0
0.02547596760000005,30,48,21,0.1,4.0
0.019890719999999897,30,49,21,0.1,4.0
0.018787200000000035,30,50,21,0.1,4.0
