Roi,Fast Period,Slow Period,devfactor
0.07125,141,142,2.0
0.1019999999999999,141,143,2.0
0.0814999999999999,141,144,2.0
0.09425,141,146,2.0
0.09,141,147,2.0
0.1129999999999999,141,148,2.0
0.0761666666666666,141,149,1.5
0.1056666666666666,142,148,2.0
0.0816,141,150,1.5
0.1115,141,150,2.0
0.0712,141,151,1.5
0.111,141,151,2.0
0.0711666666666666,141,153,1.5
0.097,141,153,2.0
0.0775,141,154,1.5
0.0963333333333333,141,154,2.0
0.087,141,155,1.5
0.105,141,155,2.0
0.091,142,157,2.0
0.1034,141,156,2.0
0.113,141,157,2.0
0.0983333333333333,141,158,1.5
0.102,141,159,1.5
0.1068333333333333,141,160,1.5
0.0826666666666666,141,160,2.0
0.07175,141,161,1.5
0.092,142,158,2.0
0.0994,141,164,1.5
0.0923333333333333,141,166,1.5
0.0775999999999999,141,167,1.5
0.0934,141,172,1.5
0.0847499999999999,141,172,2.0
0.0793333333333333,141,176,2.0
0.076,142,163,1.5
0.09075,141,178,1.5
0.0839999999999999,141,178,2.0
0.0854999999999999,142,156,1.5
0.0715,142,165,1.5
0.10125,142,143,2.0
0.0946,142,145,2.0
0.0909999999999999,142,146,2.0
0.094,142,147,2.0
0.0903333333333333,142,149,1.5
0.1125,142,149,2.0
0.0966,142,150,1.5
0.112,142,152,2.0
0.0858,142,151,1.5
0.0969999999999999,142,152,1.5
0.0921666666666666,142,153,1.5
0.0973333333333333,142,153,2.0
0.091,142,154,1.5
0.107,142,154,2.0
0.0726666666666666,142,155,2.0
0.0753333333333333,142,156,2.0
0.1108333333333333,142,157,1.5
0.1248333333333333,142,159,1.5
0.1142,142,160,1.5
0.1186,142,161,1.5
0.0962,142,162,1.5
0.1008,142,164,1.5
0.0802,142,166,1.5
0.0836666666666666,142,167,2.0
0.0754,142,169,1.5
0.0818,142,170,1.5
0.0726,142,171,1.5
0.0751999999999999,142,173,1.5
0.0739999999999999,142,174,1.5
0.0852499999999999,142,176,1.5
0.0745,145,149,1.5
0.07875,142,179,1.5
0.0885,144,148,2.0
0.0785,144,160,2.0
0.0778,143,144,2.0
0.0775999999999999,143,146,2.0
0.09,144,150,2.0
0.0868333333333333,143,147,1.5
0.0803333333333333,143,147,2.0
0.091,145,159,1.5
0.0818,143,148,1.5
0.112,143,149,2.0
0.0804,143,150,1.5
0.1031666666666666,143,151,1.5
0.1135,143,151,2.0
0.104,143,152,2.0
0.0764,143,153,1.5
0.0904999999999999,143,154,1.5
0.102,143,154,2.0
0.0948,143,155,1.5
0.1079999999999999,143,155,2.0
0.0834999999999999,143,156,1.5
0.1043999999999999,143,157,1.5
0.0984999999999999,143,158,1.5
0.0956666666666666,143,158,2.0
0.1131666666666666,143,159,1.5
0.09,143,160,1.5
0.0916,143,161,1.5
0.073,145,171,1.5
0.07425,143,162,1.5
0.0829999999999999,143,164,1.5
0.0757999999999999,143,175,1.5
0.0755999999999999,143,176,1.5
0.07175,143,178,1.5
0.0755,145,176,1.5
0.0923333333333333,143,179,1.5
0.098,144,145,2.0
0.09575,144,147,2.0
0.0851666666666666,144,150,1.5
0.0941666666666666,144,151,1.5
0.0718333333333333,144,152,1.5
0.0806666666666666,145,152,1.5
0.0993333333333333,144,153,2.0
0.1016666666666666,144,154,1.5
0.1003333333333333,144,154,2.0
0.0954,144,155,1.5
0.1025,144,155,2.0
0.094,145,159,2.0
0.10475,144,156,2.0
0.0982,144,157,1.5
0.0924,145,158,1.5
0.0996666666666666,145,153,2.0
0.0921666666666666,144,160,1.5
0.0791666666666666,144,161,1.5
0.0776666666666666,144,166,2.0
0.07275,144,167,1.5
0.0825999999999999,144,173,1.5
0.0808,144,174,1.5
0.0822,144,176,1.5
0.08875,144,177,1.5
0.0826666666666666,144,178,1.5
0.0746,144,179,1.5
0.0873999999999999,145,146,2.0
0.09525,145,152,2.0
0.0959999999999999,145,148,2.0
0.09825,145,149,2.0
0.0808333333333333,145,153,1.5
0.1035,145,154,1.5
0.1009999999999999,145,154,2.0
0.099,145,155,1.5
0.1055,145,155,2.0
0.1014,145,156,1.5
0.1006,145,157,1.5
0.0895,145,157,2.0
0.0732,145,166,1.5
0.0791999999999999,145,167,1.5
0.0788,145,168,1.5
0.0762,145,169,1.5
0.0725,145,177,1.5
0.1066666666666666,146,147,2.0
0.074,149,151,2.0
0.071,149,176,1.5
0.0915,146,149,2.0
0.0771666666666666,146,150,1.5
0.0875,146,150,2.0
0.086,147,176,1.5
0.0845,146,152,1.5
0.0886666666666666,146,152,2.0
0.076,149,178,1.5
0.07525,149,174,1.5
0.0794999999999999,146,164,2.0
0.0755,146,165,2.0
0.0765,147,166,1.5
0.0809999999999999,146,167,1.5
0.0804,146,168,1.5
0.0852,146,169,1.5
0.0785999999999999,146,171,1.5
0.0795999999999999,146,172,1.5
0.0704,146,173,1.5
0.09125,146,176,1.5
0.0836666666666666,147,167,1.5
0.0795,148,175,2.0
0.0733333333333333,146,179,2.0
0.0775,147,148,2.0
0.099,147,150,1.5
0.11275,147,150,2.0
0.07875,147,154,2.0
0.07125,147,162,1.5
0.07575,147,172,1.5
0.0826666666666666,147,165,1.5
0.1061666666666666,147,168,1.5
0.0899999999999999,147,168,2.0
0.0862,147,169,1.5
0.0838,147,170,1.5
0.0798,147,171,1.5
0.0815,147,173,1.5
0.0718,147,174,1.5
0.09025,147,175,1.5
0.0766666666666666,147,177,1.5
0.0816666666666666,148,149,1.5
0.0702,148,151,1.5
0.0705,148,153,2.0
0.08,148,165,1.5
0.0938,148,167,1.5
0.0946,148,168,1.5
0.08475,148,169,1.5
0.084,148,170,1.5
0.07325,148,172,1.5
0.07625,148,173,1.5
0.09375,148,175,1.5
0.0722,149,150,2.0
0.0738333333333333,149,155,1.5
0.0702499999999999,149,155,2.0
0.0711666666666666,149,162,1.5
0.08025,149,165,1.5
0.0944,149,166,1.5
0.0958,149,167,1.5
0.0874,149,169,1.5
0.0805999999999999,149,170,1.5
0.0818,149,171,1.5
0.0812,102,103,2.0
0.0828333333333333,102,105,1.5
0.0776666666666666,102,108,2.0
0.091,102,111,2.0
0.0743333333333333,102,122,2.0
0.086,102,123,2.0
0.0716666666666666,103,125,2.0
0.0794999999999999,102,155,2.0
0.0826666666666666,103,108,2.0
0.08,103,159,1.5
0.0706,103,105,2.0
0.0839999999999999,103,110,2.0
0.0756666666666666,103,111,2.0
0.095,103,112,2.0
0.0806666666666666,103,113,2.0
0.0726666666666666,103,122,2.0
0.0703333333333333,103,123,2.0
0.0789999999999999,103,151,2.0
0.0803333333333333,103,160,1.5
0.071,103,161,1.5
0.081,106,110,2.0
0.077,105,154,2.0
0.07325,104,105,2.0
0.0765,104,107,1.5
0.0755,104,107,2.0
0.099,105,109,2.0
0.0766666666666666,105,176,1.5
0.072,106,177,2.0
0.07525,104,133,1.5
0.0784999999999999,104,150,2.0
0.0794999999999999,104,152,2.0
0.092,104,155,2.0
0.093,104,157,2.0
0.0824999999999999,105,165,2.0
0.07675,104,160,1.5
0.0705,106,173,2.0
0.0763333333333333,104,176,1.5
0.071,106,173,1.5
0.0746666666666666,105,111,1.5
0.0789999999999999,105,156,2.0
0.0765,105,158,1.5
0.074,105,160,1.5
0.0713333333333333,105,174,1.5
0.0829999999999999,106,175,2.0
0.0865,106,109,2.0
0.0733333333333333,106,125,2.0
0.0799999999999999,106,150,2.0
0.0863333333333333,106,158,2.0
0.087,106,159,2.0
0.0866666666666666,106,160,2.0
0.0723333333333333,106,177,1.5
0.0746666666666666,107,142,1.5
0.093,108,149,2.0
0.0794999999999999,109,149,2.0
0.087,109,159,2.0
0.0723999999999999,107,170,1.5
0.0715,108,176,1.5
0.0804999999999999,109,152,2.0
0.0846,108,133,1.5
0.0836666666666666,108,133,2.0
0.07525,109,145,1.5
0.0753333333333333,108,137,1.5
0.0756666666666666,110,124,2.0
0.0743333333333333,108,144,1.5
0.0799999999999999,109,151,2.0
0.0876666666666666,108,158,2.0
0.0852,108,168,1.5
0.0886666666666666,108,167,2.0
0.089,108,170,2.0
0.0856,108,169,1.5
0.0766,108,170,1.5
0.0763333333333333,109,172,2.0
0.0758,108,172,1.5
0.0756666666666666,108,172,2.0
0.0762,108,173,1.5
0.0753333333333333,108,173,2.0
0.086,109,172,1.5
0.0703999999999999,109,135,1.5
0.0825,109,133,2.0
0.07775,109,134,1.5
0.07875,109,138,1.5
0.0844999999999999,109,148,2.0
0.07475,109,143,1.5
0.08025,109,165,1.5
0.0862,109,167,1.5
0.0893333333333333,109,167,2.0
0.0923333333333333,109,168,2.0
0.0882,109,170,1.5
0.0916666666666666,109,170,2.0
0.0884,109,171,1.5
0.0896,109,175,1.5
0.0793333333333333,109,173,2.0
0.0933333333333333,109,176,2.0
0.0876,109,176,1.5
0.0786666666666666,109,177,2.0
0.07225,109,179,1.5
0.07175,110,116,2.0
0.0703999999999999,110,131,1.5
0.07675,110,131,2.0
0.0819999999999999,113,134,1.5
0.0827499999999999,110,135,1.5
0.0824999999999999,113,151,2.0
0.0713333333333333,111,137,1.5
0.0832499999999999,110,139,1.5
0.0723333333333333,111,141,1.5
0.0875,113,141,2.0
0.0716,110,141,1.5
0.0929999999999999,110,141,2.0
0.0776666666666666,110,147,1.5
0.0799999999999999,110,153,2.0
0.0794999999999999,111,152,2.0
0.0804999999999999,110,152,2.0
0.0873333333333333,112,155,2.0
0.071,111,159,2.0
0.082,110,165,1.5
0.0884,110,167,1.5
0.0886,110,168,1.5
0.0756,110,169,1.5
0.0923333333333333,110,170,2.0
0.0825,110,170,1.5
0.0835,111,173,1.5
0.074,111,173,2.0
0.0936,110,173,1.5
0.094,113,169,2.0
0.0939999999999999,111,176,2.0
0.07925,110,178,1.5
0.07575,110,179,1.5
0.083,111,168,1.5
0.0809999999999999,113,132,1.5
0.07475,111,116,2.0
0.0712,111,127,1.5
0.0785,111,128,1.5
0.0706666666666666,111,135,1.5
0.0716666666666666,111,136,2.0
0.0926666666666666,111,141,2.0
0.078,111,147,1.5
0.07875,111,148,1.5
0.0783333333333333,111,149,1.5
0.0708,113,131,1.5
0.0876666666666666,111,156,2.0
0.088,111,157,2.0
0.08225,111,167,1.5
0.0865,113,155,2.0
0.093,111,169,1.5
0.0885,111,170,1.5
0.0934,111,171,1.5
0.079,111,174,1.5
0.0745,111,179,1.5
0.0826666666666666,111,179,2.0
0.0725,113,147,2.0
0.0708333333333333,112,126,1.5
0.0731999999999999,112,128,1.5
0.0745999999999999,112,135,1.5
0.0817499999999999,113,153,1.5
0.0945,113,157,2.0
0.0705,112,147,2.0
0.0863999999999999,112,150,1.5
0.0704,112,155,1.5
0.0728,112,156,1.5
0.0886666666666666,113,156,2.0
0.0813333333333333,113,167,1.5
0.0816666666666666,113,171,1.5
0.09375,112,169,1.5
0.07025,112,171,1.5
0.0705,112,172,1.5
0.0765,113,122,1.5
0.0812499999999999,113,135,1.5
0.0822499999999999,113,138,1.5
0.0852499999999999,113,156,1.5
0.0847499999999999,113,155,1.5
0.0785,113,158,1.5
0.0773333333333333,113,159,1.5
0.0771666666666666,114,122,1.5
0.0704,114,130,1.5
0.0812499999999999,114,134,1.5
0.0739999999999999,114,132,1.5
0.0875,114,138,2.0
0.0928,114,136,1.5
0.0725,116,147,2.0
0.094,114,142,1.5
0.0716666666666666,116,137,1.5
0.0713333333333333,114,154,1.5
0.0869999999999999,114,159,1.5
0.0789999999999999,115,166,2.0
0.0816666666666666,116,174,1.5
0.0945,115,171,2.0
0.0819999999999999,115,153,1.5
0.0723333333333333,116,147,1.5
0.0702,115,126,1.5
0.08275,115,140,1.5
0.07525,115,146,1.5
0.0817499999999999,115,150,1.5
0.0852499999999999,115,179,1.5
0.0773333333333333,115,158,1.5
0.07325,116,164,1.5
0.0794999999999999,115,170,2.0
0.0822499999999999,115,178,1.5
0.0803333333333333,116,169,1.5
0.0733333333333333,116,119,1.5
0.0788333333333333,116,122,1.5
0.0706666666666666,116,134,1.5
0.07075,116,152,1.5
0.0702499999999999,116,153,1.5
0.073,116,161,1.5
0.07275,116,166,1.5
0.0799999999999999,116,175,2.0
0.0916666666666666,116,176,1.5
0.075,116,179,1.5
0.0821666666666666,117,122,1.5
0.0702,117,125,1.5
0.0805,117,134,1.5
0.0835,119,162,1.5
0.08275,120,158,1.5
0.0789999999999999,117,142,2.0
0.0723333333333333,118,137,1.5
0.094,117,150,2.0
0.0875,120,155,2.0
0.0785,117,157,1.5
0.082,117,159,1.5
0.0806666666666666,118,162,1.5
0.08225,118,160,1.5
0.0926,118,164,1.5
0.0922,117,167,1.5
0.08125,117,168,1.5
0.08175,117,170,1.5
0.08575,117,173,1.5
0.0715,120,121,2.0
0.083,120,168,1.5
0.0776666666666666,120,173,1.5
0.0809999999999999,120,146,2.0
0.0725,118,122,1.5
0.0736666666666666,118,141,1.5
0.089,118,144,2.0
0.0837499999999999,118,147,1.5
0.093,120,153,2.0
0.0926666666666666,119,151,2.0
0.0773333333333333,118,156,1.5
0.07975,118,169,1.5
0.08475,118,170,1.5
0.0705,118,170,2.0
0.10325,118,171,1.5
0.092,118,171,2.0
0.071,120,125,1.5
0.0832499999999999,120,152,1.5
0.0885,120,159,2.0
0.0736666666666666,119,154,1.5
0.0882,119,156,1.5
0.08325,119,157,1.5
0.0743333333333333,119,158,1.5
0.0876666666666666,119,159,1.5
0.1004,119,160,1.5
0.08375,119,163,1.5
0.0793333333333333,119,166,1.5
0.0823333333333333,120,165,1.5
0.0935,119,169,1.5
0.0893333333333333,119,175,2.0
0.0915,119,177,2.0
0.0708333333333333,120,123,1.5
0.07425,120,125,2.0
0.0903333333333333,120,145,2.0
0.1082499999999999,120,154,1.5
0.0993333333333333,120,154,2.0
0.1089999999999999,120,155,1.5
0.1099999999999999,120,156,1.5
0.0987499999999999,120,157,1.5
0.0934,120,159,1.5
0.1092499999999999,120,160,1.5
0.097,120,161,1.5
0.0964,120,162,1.5
0.07825,120,163,1.5
0.09225,120,166,1.5
0.07925,120,167,1.5
0.0735,120,167,2.0
0.0803333333333333,120,169,1.5
0.079,123,160,1.5
0.071,123,149,1.5
0.0939999999999999,121,142,2.0
0.0886666666666666,122,145,2.0
0.0903333333333333,122,178,2.0
0.0893333333333333,121,147,2.0
0.0895,121,148,2.0
0.0925,121,150,1.5
0.095,123,137,2.0
0.0753333333333333,121,151,1.5
0.0905,123,136,2.0
0.0855,121,152,1.5
0.0956666666666666,123,150,2.0
0.1008,121,153,1.5
0.10925,121,153,2.0
0.1006666666666666,123,147,2.0
0.0949999999999999,121,157,1.5
0.1099999999999999,121,159,1.5
0.097,121,162,1.5
0.0836666666666666,123,177,1.5
0.0753333333333333,121,166,1.5
0.076,121,169,1.5
0.072,121,177,1.5
0.0796666666666666,121,177,2.0
0.0705,123,173,1.5
0.0943333333333333,122,148,2.0
0.0746666666666666,123,138,1.5
0.09,122,143,2.0
0.0906666666666666,123,176,2.0
0.07525,122,148,1.5
0.0876,122,149,1.5
0.0981666666666666,122,150,1.5
0.0728333333333333,122,151,1.5
0.0908333333333333,122,152,1.5
0.10275,122,153,2.0
0.089,122,161,2.0
0.1077999999999999,122,158,1.5
0.0953333333333333,122,158,2.0
0.1076,122,159,1.5
0.1081999999999999,122,160,1.5
0.0715,122,171,2.0
0.0875,122,177,1.5
0.0945,123,154,2.0
0.089,123,140,2.0
0.088,123,139,2.0
0.0743333333333333,123,141,1.5
0.0773333333333333,123,148,1.5
0.102,123,148,2.0
0.1035,123,149,2.0
0.0718,123,151,1.5
0.1009999999999999,123,153,2.0
0.0955,123,157,2.0
0.0705,123,169,2.0
0.0763333333333333,123,173,2.0
0.0736,123,174,1.5
0.0997499999999999,123,175,2.0
0.0762,123,175,1.5
0.09375,123,178,1.5
0.08725,123,179,1.5
0.0716666666666666,127,177,1.5
0.0735,124,128,1.5
0.0753333333333333,127,142,2.0
0.103,124,133,2.0
0.0765,124,134,2.0
0.10375,124,147,2.0
0.0758,124,148,1.5
0.0976666666666666,124,148,2.0
0.0799999999999999,124,149,1.5
0.0732,126,159,1.5
0.0965,124,156,2.0
0.1036666666666666,124,155,2.0
0.0823333333333333,124,160,1.5
0.0706666666666666,124,163,1.5
0.0735,127,161,2.0
0.09,127,175,1.5
0.0858,124,167,1.5
0.0866,124,168,1.5
0.0705,127,147,2.0
0.0814999999999999,125,177,1.5
0.0956666666666666,124,171,2.0
0.081,125,159,1.5
0.0895,125,173,1.5
0.0925,124,175,2.0
0.0935,125,177,2.0
0.08025,125,176,1.5
0.07225,127,168,1.5
0.079,126,156,2.0
0.078,127,153,2.0
0.0848333333333333,125,127,1.5
0.0915,125,132,2.0
0.0773333333333333,125,140,1.5
0.0746666666666666,127,144,1.5
0.0763333333333333,125,146,2.0
0.0803333333333333,125,147,1.5
0.09075,125,147,2.0
0.0741666666666666,125,148,1.5
0.0836666666666666,126,150,2.0
0.0731666666666666,125,149,1.5
0.0843333333333333,126,151,2.0
0.1036,125,154,2.0
0.09475,125,155,2.0
0.097,125,156,2.0
0.0945,126,173,2.0
0.0805,125,165,1.5
0.08675,125,166,1.5
0.0945999999999999,125,167,1.5
0.087,127,166,1.5
0.0854,125,168,1.5
0.089,126,175,1.5
0.0766666666666666,126,170,2.0
0.0816666666666666,127,167,2.0
0.0839999999999999,127,169,1.5
0.0718333333333333,126,127,2.0
0.0711666666666666,126,147,1.5
0.0771666666666666,126,148,1.5
0.095,126,153,2.0
0.0863333333333333,126,177,1.5
0.08775,126,155,2.0
0.0749999999999999,126,158,1.5
0.0844,126,164,1.5
0.0902,126,165,1.5
0.086,127,171,1.5
0.0926666666666666,126,166,2.0
0.0806666666666666,127,166,2.0
0.07075,126,168,1.5
0.0827499999999999,127,168,2.0
0.1118333333333333,126,171,1.5
0.09775,126,173,1.5
0.1004,126,174,1.5
0.0905,126,176,1.5
0.09025,126,178,1.5
0.07075,126,179,1.5
0.07525,127,173,1.5
0.09625,127,152,2.0
0.0783333333333333,127,129,1.5
0.0725,127,138,2.0
0.0796666666666666,127,143,2.0
0.0781666666666666,127,148,1.5
0.1058,127,151,2.0
0.0786666666666666,127,154,2.0
0.0793333333333333,127,155,2.0
0.0715,127,160,2.0
0.0846,127,163,1.5
0.1052,127,164,1.5
0.0907999999999999,127,165,1.5
0.073,127,169,2.0
0.0856666666666666,128,131,2.0
0.0763333333333333,131,149,2.0
0.0743333333333333,131,154,2.0
0.0848333333333333,128,144,1.5
0.083,128,145,1.5
0.0804,128,146,1.5
0.0982,128,147,1.5
0.0715,130,164,1.5
0.0994,128,148,1.5
0.0858,128,149,1.5
0.0918333333333333,128,150,1.5
0.09525,128,150,2.0
0.107,128,151,2.0
0.0753333333333333,130,154,2.0
0.0756666666666666,131,142,1.5
0.0745,131,165,2.0
0.07125,128,160,1.5
0.086,128,170,1.5
0.0988,128,162,1.5
0.0735,131,143,2.0
0.0996,128,163,1.5
0.0915999999999999,128,164,1.5
0.0939999999999999,128,164,2.0
0.0813333333333333,128,165,2.0
0.092,129,166,1.5
0.0955,128,169,1.5
0.0799999999999999,130,144,1.5
0.0803333333333333,128,175,1.5
0.0839999999999999,128,175,2.0
0.0716666666666666,129,176,1.5
0.0784,131,154,1.5
0.0774,131,153,1.5
0.0823333333333333,129,159,2.0
0.0796666666666666,130,163,2.0
0.087,129,158,1.5
0.09025,131,164,1.5
0.0893333333333333,130,148,1.5
0.09,131,160,2.0
0.08125,129,141,1.5
0.0926666666666666,130,161,2.0
0.0908333333333333,129,145,1.5
0.0972,129,147,1.5
0.0846,129,161,1.5
0.0808,129,149,1.5
0.0833333333333333,129,149,2.0
0.0724,129,150,1.5
0.105,129,150,2.0
0.106,130,166,1.5
0.084,129,152,2.0
0.0936666666666666,131,162,2.0
0.07525,129,157,2.0
0.0905,131,160,1.5
0.0907999999999999,130,159,1.5
0.0805,129,162,1.5
0.0923333333333333,129,163,2.0
0.0854,129,164,1.5
0.0806666666666666,130,165,2.0
0.0911999999999999,129,165,1.5
0.0835,129,169,1.5
0.0776666666666666,131,147,2.0
0.077,131,151,2.0
0.089,130,143,1.5
0.0702499999999999,130,145,1.5
0.0786666666666666,130,148,2.0
0.0836666666666666,130,149,2.0
0.0752,130,150,1.5
0.1058,130,150,2.0
0.09575,130,151,2.0
0.0752,130,152,1.5
0.1083333333333333,130,152,2.0
0.0794,131,155,1.5
0.0993333333333333,130,158,1.5
0.0844,130,163,1.5
0.1006,130,161,1.5
0.089,130,162,1.5
0.0908,130,165,1.5
0.0815,130,168,1.5
0.0915,130,170,2.0
0.0809999999999999,131,146,1.5
0.071,131,145,2.0
0.08775,131,143,1.5
0.0872,131,144,1.5
0.0878,131,145,1.5
0.0764,131,147,1.5
0.0768,131,148,1.5
0.078,131,163,2.0
0.07075,131,151,1.5
0.07175,131,152,1.5
0.0783333333333333,131,152,2.0
0.0983333333333333,131,153,2.0
0.07975,131,155,2.0
0.0798,131,156,1.5
0.08225,131,157,2.0
0.0864,131,157,1.5
0.0865,131,159,1.5
0.0773333333333333,131,159,2.0
0.0965,131,161,1.5
0.0906666666666666,131,161,2.0
0.09275,131,162,1.5
0.0933333333333333,131,164,2.0
0.1052,131,165,1.5
0.0951999999999999,131,166,1.5
0.07375,131,167,1.5
0.0735,132,168,2.0
0.0773333333333333,131,170,1.5
0.0763333333333333,132,150,2.0
0.0943333333333333,132,140,2.0
0.0775,134,178,1.5
0.0726666666666666,132,143,2.0
0.0808,132,149,1.5
0.089,132,148,2.0
0.082,132,149,2.0
0.07075,132,151,1.5
0.0702499999999999,132,152,1.5
0.0753333333333333,132,152,2.0
0.07175,132,153,1.5
0.0773333333333333,132,153,2.0
0.0715,132,154,1.5
0.08125,133,154,2.0
0.0795999999999999,133,177,2.0
0.0789999999999999,132,156,1.5
0.08175,133,153,2.0
0.0864999999999999,132,158,1.5
0.0817499999999999,132,158,2.0
0.0854,132,159,1.5
0.0776666666666666,132,159,2.0
0.094,132,160,1.5
0.0854999999999999,132,160,2.0
0.1106,132,161,1.5
0.0959999999999999,132,171,1.5
0.0706666666666666,133,167,1.5
0.0969999999999999,132,172,1.5
0.103,133,171,2.0
0.0824999999999999,132,173,2.0
0.1009999999999999,134,165,1.5
0.0775999999999999,132,175,2.0
0.0751666666666666,132,177,1.5
0.0793333333333333,132,179,1.5
0.08325,133,139,2.0
0.0759999999999999,133,140,1.5
0.0879999999999999,133,141,1.5
0.0819999999999999,133,141,2.0
0.092,133,142,1.5
0.0866,134,152,1.5
0.0916,133,159,1.5
0.0806666666666666,133,143,2.0
0.0909999999999999,133,148,1.5
0.0896,133,148,2.0
0.0815,133,149,2.0
0.0872,133,152,1.5
0.0805,133,150,2.0
0.08075,133,152,2.0
0.0884,133,153,1.5
0.1008333333333333,133,155,1.5
0.0998333333333333,133,156,1.5
0.097,134,136,2.0
0.106,133,170,1.5
0.10125,133,157,2.0
0.1036666666666666,134,168,2.0
0.09125,133,158,2.0
0.102,133,159,2.0
0.11,133,160,1.5
0.1,134,171,1.5
0.1048,133,161,1.5
0.0804999999999999,133,161,2.0
0.0814999999999999,134,147,2.0
0.1099999999999999,133,171,1.5
0.1102499999999999,133,172,1.5
0.1078333333333333,133,173,1.5
0.0916666666666666,133,174,1.5
0.0923333333333333,133,175,1.5
0.0771666666666666,133,177,1.5
0.0825,133,178,1.5
0.0835,133,179,2.0
0.07275,134,137,2.0
0.0794999999999999,134,139,1.5
0.0966666666666666,134,139,2.0
0.0786,134,144,1.5
0.0713333333333333,134,144,2.0
0.0875,134,146,1.5
0.0818,134,147,1.5
0.0822,134,148,1.5
0.0829999999999999,134,148,2.0
0.0856,134,149,1.5
0.0979999999999999,134,149,2.0
0.0868,134,150,1.5
0.0916666666666666,134,150,2.0
0.1053333333333333,134,151,1.5
0.0906666666666666,134,151,2.0
0.0935999999999999,134,152,2.0
0.1076666666666666,134,154,1.5
0.1016666666666666,134,155,1.5
0.107,134,156,1.5
0.0856666666666666,134,157,1.5
0.0793333333333333,134,158,1.5
0.0854999999999999,134,159,1.5
0.0806666666666666,134,163,1.5
0.1004999999999999,134,164,1.5
0.0953333333333333,134,166,1.5
0.1005,134,166,2.0
0.1012499999999999,134,167,1.5
0.1033333333333333,134,167,2.0
0.1014999999999999,134,168,1.5
0.1055,134,169,1.5
0.10675,134,170,1.5
0.1071666666666666,134,172,1.5
0.0713333333333333,134,172,2.0
0.108,134,173,1.5
0.1081666666666666,134,174,1.5
0.0746666666666666,134,174,2.0
0.0933333333333333,134,175,1.5
0.0818333333333333,134,176,1.5
0.0786,135,136,2.0
0.0799999999999999,135,139,1.5
0.0838,135,147,1.5
0.0782,136,143,1.5
0.07525,136,148,2.0
0.07375,135,146,1.5
0.0733333333333333,135,146,2.0
0.0832499999999999,135,147,2.0
0.0842,135,148,1.5
0.0854,135,149,1.5
0.1058333333333333,135,150,1.5
0.0892,135,152,1.5
0.0883333333333333,135,153,2.0
0.094,135,167,2.0
0.07075,135,159,1.5
0.0906,135,160,1.5
0.072,136,163,2.0
0.07875,135,165,1.5
0.0725,136,164,2.0
0.1035,136,166,1.5
0.1009999999999999,138,162,1.5
0.1025,135,168,1.5
0.1,135,170,1.5
0.1071666666666666,135,171,1.5
0.0713333333333333,135,171,2.0
0.0973333333333333,136,168,2.0
0.1038333333333333,135,173,1.5
0.0857499999999999,135,173,2.0
0.0844999999999999,136,173,2.0
0.1043333333333333,135,174,1.5
0.0878333333333333,135,175,1.5
0.0703999999999999,135,177,1.5
0.0821666666666666,135,178,1.5
0.07275,135,179,2.0
0.086,137,139,2.0
0.0735,137,168,2.0
0.0712,137,139,1.5
0.0773333333333333,136,154,2.0
0.07325,136,140,2.0
0.0752,136,141,1.5
0.0796,136,142,1.5
0.0742,136,144,1.5
0.0806666666666666,136,149,2.0
0.07175,136,151,1.5
0.0989999999999999,136,151,2.0
0.0793333333333333,136,152,2.0
0.102,136,155,2.0
0.07325,136,156,1.5
0.0873333333333333,136,156,2.0
0.0723999999999999,136,159,1.5
0.0987499999999999,136,161,1.5
0.0703333333333333,136,162,2.0
0.0846,136,163,1.5
0.1097999999999999,136,165,1.5
0.0945999999999999,136,167,1.5
0.0908333333333333,136,168,1.5
0.0972,136,169,1.5
0.0963333333333333,136,170,1.5
0.0743333333333333,136,170,2.0
0.0934999999999999,136,171,1.5
0.1014999999999999,138,161,1.5
0.0837499999999999,136,172,2.0
0.0723333333333333,136,174,1.5
0.08675,138,154,2.0
0.0868333333333333,137,147,1.5
0.0915,137,148,2.0
0.09125,137,149,2.0
0.0708,137,150,1.5
0.0934,137,151,1.5
0.0991666666666666,137,154,1.5
0.0766666666666666,137,154,2.0
0.0992,137,155,1.5
0.0776666666666666,137,156,2.0
0.0746666666666666,137,157,1.5
0.0928,137,159,1.5
0.0955999999999999,137,160,1.5
0.0705,137,160,2.0
0.0997499999999999,137,161,1.5
0.099,138,161,2.0
0.1012499999999999,137,162,1.5
0.1072,137,164,1.5
0.1096666666666666,137,165,1.5
0.1038,137,166,1.5
0.0904,137,167,1.5
0.07125,137,168,1.5
0.0732,137,173,1.5
0.088,138,151,1.5
0.0868,138,159,1.5
0.0815,138,155,1.5
0.0959999999999999,138,148,1.5
0.0986666666666666,138,148,2.0
0.0916666666666666,138,149,2.0
0.0913333333333333,138,150,1.5
0.0994999999999999,138,151,2.0
0.0949999999999999,138,153,2.0
0.1121666666666666,138,154,1.5
0.0988333333333333,138,156,1.5
0.0842499999999999,138,156,2.0
0.0936,138,157,1.5
0.1036666666666666,138,158,1.5
0.1086666666666666,138,160,1.5
0.1028,138,164,1.5
0.08925,138,165,1.5
0.0774,138,173,1.5
0.0931999999999999,138,174,1.5
0.08825,138,174,2.0
0.0712,138,176,1.5
0.07525,138,179,1.5
0.0745,138,179,2.0
0.0744,139,140,2.0
0.0701666666666666,139,144,1.5
0.07725,139,144,2.0
0.0786666666666666,139,146,2.0
0.0801666666666666,139,148,1.5
0.0989999999999999,139,148,2.0
0.1004999999999999,139,160,1.5
0.0926666666666666,140,151,2.0
0.0854999999999999,139,152,2.0
0.0839999999999999,140,178,2.0
0.0929999999999999,139,154,2.0
0.0731666666666666,139,155,1.5
0.08175,139,155,2.0
0.0973333333333333,139,156,1.5
0.08825,139,173,2.0
0.0832,139,157,1.5
0.0992,139,158,1.5
0.0803333333333333,139,159,2.0
0.1011666666666666,139,159,1.5
0.0945,139,160,2.0
0.1066,139,161,1.5
0.0796666666666666,139,164,1.5
0.0776666666666666,139,165,1.5
0.0824,139,168,1.5
0.0755999999999999,139,171,1.5
0.0951999999999999,139,173,1.5
0.0762,139,174,1.5
0.073,139,176,1.5
0.0763333333333333,139,178,2.0
0.0806666666666666,140,177,2.0
0.081,140,151,1.5
0.0866666666666666,140,141,2.0
0.0771666666666666,140,142,1.5
0.0954,140,143,2.0
0.0846666666666666,140,148,2.0
0.0966666666666666,140,152,2.0
0.0786666666666666,140,153,1.5
0.1066666666666666,140,153,2.0
0.1071999999999999,140,154,2.0
0.1012,140,155,2.0
0.1129999999999999,140,156,2.0
0.0996666666666666,140,157,1.5
0.0959999999999999,140,158,1.5
0.1056666666666666,140,158,2.0
0.1085,140,159,1.5
0.1072,140,160,1.5
0.092,140,164,1.5
0.09275,140,165,1.5
0.0904,140,166,1.5
0.0834,140,167,1.5
0.0938,140,172,1.5
0.0784,140,173,1.5
0.086,140,173,2.0
0.071,140,176,1.5
0.0703333333333333,140,179,1.5
0.0788333333333333,66,74,2.0
0.0795999999999999,66,75,2.0
0.0706666666666666,67,151,1.5
0.0713999999999999,67,136,1.5
0.0753333333333333,66,93,2.0
0.0825,66,94,2.0
0.08175,66,95,2.0
0.0732,66,102,2.0
0.07425,67,107,2.0
0.0722,67,121,1.5
0.0935,67,137,2.0
0.0914,66,124,1.5
0.0786666666666666,67,133,2.0
0.07975,67,138,1.5
0.08,67,147,2.0
0.0989999999999999,67,144,2.0
0.0826,67,141,1.5
0.0828,67,143,1.5
0.1064,66,147,1.5
0.0846666666666666,66,147,2.0
0.0935999999999999,66,148,1.5
0.0939999999999999,66,149,1.5
0.0793333333333333,67,134,2.0
0.0951666666666666,66,150,1.5
0.0836,66,151,1.5
0.0945,66,153,1.5
0.07475,66,165,1.5
0.0876666666666666,67,167,1.5
0.088,67,169,1.5
0.0999999999999999,66,172,1.5
0.0797499999999999,66,175,1.5
0.0807499999999999,67,176,1.5
0.0804999999999999,66,178,1.5
0.0776666666666666,67,72,2.0
0.1012,67,74,2.0
0.0726,67,77,2.0
0.1093333333333333,67,82,2.0
0.09025,67,96,2.0
0.0795,67,99,2.0
0.07875,67,100,2.0
0.0746666666666666,67,144,1.5
0.0745,67,106,2.0
0.07025,67,110,2.0
0.0705,67,127,2.0
0.0738333333333333,67,124,1.5
0.0703333333333333,67,132,1.5
0.0716,67,131,1.5
0.0711666666666666,67,134,1.5
0.07275,67,135,1.5
0.1007499999999999,67,145,2.0
0.09,67,146,1.5
0.0906,67,147,1.5
0.0806,67,148,1.5
0.087,67,149,2.0
0.0901666666666666,67,149,1.5
0.0816666666666666,67,151,2.0
0.0826666666666666,67,152,2.0
0.0836666666666666,67,153,2.0
0.0833333333333333,67,155,2.0
0.07775,67,171,1.5
0.09075,67,172,1.5
0.0783333333333333,67,172,2.0
0.0802499999999999,67,174,1.5
0.0881666666666666,68,71,2.0
0.1054999999999999,68,72,2.0
0.0898,68,73,2.0
0.0785,69,91,2.0
0.0895,68,91,2.0
0.08,70,151,1.5
0.0759999999999999,68,93,2.0
0.0753333333333333,68,94,2.0
0.072,68,95,2.0
0.0735,68,100,2.0
0.0801666666666666,68,103,1.5
0.08725,69,104,2.0
0.0874,68,106,2.0
0.083,68,109,2.0
0.071,69,93,1.5
0.073,68,110,2.0
0.071,70,114,2.0
0.07125,70,142,2.0
0.0745,70,171,1.5
0.0708333333333333,68,127,1.5
0.0701666666666666,68,145,1.5
0.0989999999999999,69,141,2.0
0.0735,69,140,2.0
0.0892,68,146,1.5
0.0928333333333333,68,147,1.5
0.0965,68,148,2.0
0.09675,69,149,2.0
0.0812,68,150,1.5
0.0845,68,151,1.5
0.0823333333333333,69,153,2.0
0.0702,70,135,1.5
0.0836666666666666,68,154,2.0
0.0796666666666666,70,156,2.0
0.0755,70,137,2.0
0.0783333333333333,70,172,2.0
0.0795,69,102,1.5
0.07625,70,95,2.0
0.0735999999999999,69,89,2.0
0.0772,70,93,2.0
0.078,69,97,2.0
0.0794,69,98,2.0
0.0771666666666666,69,110,1.5
0.0708,70,156,1.5
0.0786666666666666,69,105,1.5
0.0928,69,105,2.0
0.0778333333333333,69,106,1.5
0.0914,69,106,2.0
0.0736,69,108,1.5
0.08275,69,108,2.0
0.0744,69,109,1.5
0.0996,69,111,2.0
0.0715,69,113,2.0
0.074,70,138,2.0
0.0788,69,142,1.5
0.0871666666666666,69,145,1.5
0.0809999999999999,69,146,2.0
0.0875,69,146,1.5
0.07575,70,150,1.5
0.092,70,151,2.0
0.084,69,153,1.5
0.0732,69,154,1.5
0.0826666666666666,70,153,2.0
0.075,69,169,1.5
0.0875,70,172,1.5
0.0808333333333333,70,71,2.0
0.0702,70,73,2.0
0.091,70,89,2.0
0.07375,70,91,2.0
0.0728,70,152,1.5
0.07225,70,98,2.0
0.0755,70,102,1.5
0.0796666666666666,70,103,1.5
0.0829999999999999,70,104,2.0
0.0758333333333333,70,105,1.5
0.09875,70,106,2.0
0.0804999999999999,70,106,1.5
0.081,70,107,2.0
0.0835,70,108,2.0
0.0716666666666666,70,109,1.5
0.0868,70,109,2.0
0.0798333333333333,70,110,1.5
0.0876,70,110,2.0
0.0736,70,124,2.0
0.07225,70,131,2.0
0.0733333333333333,70,132,1.5
0.0718333333333333,70,133,1.5
0.0731666666666666,70,134,1.5
0.0852499999999999,70,140,2.0
0.0814999999999999,70,145,2.0
0.0808,70,147,1.5
0.0834999999999999,70,148,2.0
0.0832499999999999,70,149,2.0
0.0992499999999999,70,152,2.0
0.0833333333333333,70,154,1.5
0.0816666666666666,70,155,2.0
0.0726,70,155,1.5
0.084,72,151,1.5
0.0741666666666666,71,88,2.0
0.0856,74,115,2.0
0.0995,71,90,2.0
0.0745,72,110,1.5
0.0834999999999999,72,100,2.0
0.0829999999999999,71,101,2.0
0.086,71,104,2.0
0.0816,71,105,2.0
0.083,71,107,2.0
0.0703333333333333,73,175,2.0
0.0854,72,108,2.0
0.0789999999999999,71,110,2.0
0.0769999999999999,71,112,2.0
0.0705,73,102,1.5
0.07075,72,134,2.0
0.0809999999999999,71,127,2.0
0.072,73,109,2.0
0.0722,71,139,2.0
0.0852499999999999,73,158,2.0
0.0854999999999999,71,142,2.0
0.075,73,140,2.0
0.08875,71,143,2.0
0.0814999999999999,71,147,2.0
0.0992499999999999,71,150,2.0
0.0997499999999999,72,151,2.0
0.0736,71,152,1.5
0.0723999999999999,71,154,1.5
0.0838333333333333,71,155,1.5
0.0823333333333333,71,155,2.0
0.07775,71,157,1.5
0.081,73,125,2.0
0.0783333333333333,71,171,2.0
0.079,73,106,2.0
0.0849999999999999,74,105,2.0
0.08,73,172,2.0
0.076,74,88,2.0
0.087,74,77,2.0
0.077,74,112,2.0
0.0815,72,77,2.0
0.0712,74,101,2.0
0.0872,72,88,2.0
0.0815999999999999,72,89,2.0
0.0804,72,90,2.0
0.0755,72,93,2.0
0.08075,72,99,2.0
0.089,73,172,1.5
0.0721666666666666,72,103,1.5
0.08275,72,103,2.0
0.0866,72,105,2.0
0.08325,72,107,2.0
0.0782,72,110,2.0
0.0758,73,112,2.0
0.0752,72,112,2.0
0.0738333333333333,72,123,2.0
0.0742,72,124,2.0
0.0733999999999999,73,141,2.0
0.0708,73,135,2.0
0.0761666666666666,72,138,2.0
0.0724,72,139,2.0
0.0714,72,140,2.0
0.0712,72,149,1.5
0.0945,72,149,2.0
0.091,72,152,1.5
0.094,72,154,1.5
0.0999999999999999,72,154,2.0
0.09425,72,155,1.5
0.0792,73,155,1.5
0.08775,73,156,2.0
0.0852,73,102,2.0
0.0868333333333333,73,78,2.0
0.07575,73,88,2.0
0.0806666666666666,73,143,2.0
0.0786666666666666,73,142,2.0
0.0993333333333333,73,103,2.0
0.0793333333333333,73,107,1.5
0.0778,73,110,2.0
0.0821666666666666,73,122,2.0
0.0873333333333333,73,124,2.0
0.0738,73,127,2.0
0.0725,73,132,2.0
0.0706,74,102,2.0
0.0773333333333333,73,137,2.0
0.0756,73,139,2.0
0.0756666666666666,73,141,1.5
0.0768333333333333,73,142,1.5
0.0748333333333333,73,146,1.5
0.0743333333333333,73,152,1.5
0.0805,73,156,1.5
0.0786,73,157,1.5
0.0743333333333333,73,159,2.0
0.0774999999999999,73,174,1.5
0.0792499999999999,73,175,1.5
0.0784999999999999,73,176,1.5
0.0963333333333333,74,76,2.0
0.0812,74,78,2.0
0.0795,74,79,2.0
0.0718,74,103,2.0
0.0848333333333333,74,104,2.0
0.0828,74,106,2.0
0.0754,74,109,2.0
0.0726,74,111,2.0
0.0716,74,122,2.0
0.0744,75,133,2.0
0.0746,74,133,2.0
0.0704,74,134,2.0
0.0764,74,136,2.0
0.0705,76,142,2.0
0.0774,74,138,2.0
0.0706666666666666,74,138,1.5
0.0768333333333333,74,140,1.5
0.07125,74,140,2.0
0.0762,74,141,1.5
0.07175,74,144,1.5
0.0786666666666666,74,145,2.0
0.0763333333333333,77,151,2.0
0.0715,77,145,2.0
0.0808333333333333,74,155,1.5
0.08775,75,89,2.0
0.0818333333333333,74,159,1.5
0.08925,74,156,2.0
0.10625,74,157,2.0
0.0806666666666666,74,158,1.5
0.1055,74,159,2.0
0.1006666666666666,74,160,2.0
0.0703333333333333,74,175,2.0
0.0708,75,86,2.0
0.0733333333333333,75,110,2.0
0.072,77,144,2.0
0.0733999999999999,76,128,1.5
0.0738,76,125,1.5
0.0736,75,129,1.5
0.0734,76,132,2.0
0.0783333333333333,75,139,1.5
0.0781666666666666,75,140,1.5
0.073,75,143,1.5
0.077,75,146,1.5
0.0774999999999999,75,155,2.0
0.0975999999999999,75,156,2.0
0.0722,76,84,2.0
0.0858,76,85,2.0
0.0718333333333333,76,86,2.0
0.082,76,120,2.0
0.0856666666666666,77,123,2.0
0.0743333333333333,76,122,1.5
0.0718333333333333,76,123,1.5
0.0732,76,129,1.5
0.0742,76,131,1.5
0.07275,76,139,2.0
0.07375,76,140,2.0
0.07075,77,141,2.0
0.0765,77,154,2.0
0.0852499999999999,76,155,2.0
0.0794,77,122,1.5
0.0763333333333333,77,114,2.0
0.0783333333333333,77,118,2.0
0.078,77,120,2.0
0.0703999999999999,77,120,1.5
0.0789999999999999,77,121,1.5
0.0795999999999999,77,123,1.5
0.0769999999999999,77,125,1.5
0.0833333333333333,77,125,2.0
0.0756666666666666,77,152,2.0
0.0785999999999999,42,87,1.5
0.0789999999999999,41,67,2.0
0.09175,43,83,2.0
0.0904999999999999,41,69,2.0
0.0802,41,71,2.0
0.09425,41,72,2.0
0.0822499999999999,41,75,2.0
0.0925,41,76,2.0
0.102,41,77,2.0
0.1166,41,78,2.0
0.1042,41,79,2.0
0.0883333333333333,43,175,1.5
0.106,41,80,2.0
0.0854999999999999,41,81,2.0
0.1095,41,82,2.0
0.1275,41,83,2.0
0.091,41,85,1.5
0.0779999999999999,42,89,1.5
0.0983333333333333,41,88,2.0
0.0794,41,87,1.5
0.0986666666666666,41,87,2.0
0.0826666666666666,41,88,1.5
0.0788,41,89,1.5
0.0784,41,90,1.5
0.0843333333333333,41,91,2.0
0.0846666666666666,41,92,2.0
0.0795,42,93,1.5
0.0894,42,71,2.0
0.09,42,94,2.0
0.107,41,97,1.5
0.071,43,90,2.0
0.1073333333333333,41,99,1.5
0.0793333333333333,41,99,2.0
0.0948333333333333,41,100,1.5
0.09325,41,101,2.0
0.0953333333333333,41,102,1.5
0.0852499999999999,41,102,2.0
0.0858,41,104,1.5
0.078,43,102,2.0
0.08975,41,106,1.5
0.077,43,110,2.0
0.0885,41,120,1.5
0.0816666666666666,43,139,1.5
0.089,41,121,1.5
0.093,43,137,2.0
0.0793333333333333,42,122,1.5
0.0863333333333333,41,131,1.5
0.07375,41,132,1.5
0.1013333333333333,41,134,1.5
0.0805,43,72,2.0
0.0784999999999999,41,171,2.0
0.0794999999999999,43,172,2.0
0.0818333333333333,42,65,2.0
0.082,43,129,1.5
0.0901999999999999,42,64,2.0
0.0852,42,66,2.0
0.0936,42,72,2.0
0.0896,42,73,2.0
0.096,42,74,2.0
0.1008333333333333,42,75,2.0
0.1023333333333333,42,76,2.0
0.0916666666666666,42,77,2.0
0.1064,42,78,2.0
0.08875,42,119,1.5
0.0832,42,79,2.0
0.07275,42,80,2.0
0.07625,42,81,2.0
0.0984999999999999,42,82,2.0
0.0926666666666666,42,83,2.0
0.0918333333333333,42,85,1.5
0.0845,43,86,2.0
0.0808333333333333,43,86,1.5
0.0801666666666666,43,89,1.5
0.0821666666666666,42,94,1.5
0.079,43,126,1.5
0.0943333333333333,42,98,1.5
0.0996,42,99,1.5
0.1,42,100,1.5
0.10175,43,98,2.0
0.0775,43,99,1.5
0.1015,42,102,1.5
0.0946666666666666,42,102,2.0
0.0844,42,103,1.5
0.0865,43,106,2.0
0.0763333333333333,42,114,1.5
0.07575,42,115,1.5
0.0755,43,113,1.5
0.0766666666666666,43,111,2.0
0.0823333333333333,43,124,1.5
0.08925,42,120,1.5
0.0796666666666666,43,121,1.5
0.086,42,133,1.5
0.0736,43,62,2.0
0.0906666666666666,43,64,2.0
0.0715,43,97,2.0
0.0936666666666666,43,65,2.0
0.0878,43,66,2.0
0.07775,43,76,2.0
0.0796666666666666,43,144,1.5
0.0815999999999999,43,80,2.0
0.07525,43,81,2.0
0.0955,43,84,2.0
0.08625,43,85,2.0
0.089,43,89,2.0
0.0816666666666666,43,90,1.5
0.09625,43,91,2.0
0.0806666666666666,43,94,2.0
0.0826666666666666,43,93,1.5
0.09775,43,93,2.0
0.0798333333333333,43,95,1.5
0.0801666666666666,43,96,1.5
0.102,43,102,1.5
0.0716666666666666,43,109,2.0
0.087,43,104,2.0
0.0785,43,117,1.5
0.0873333333333333,43,172,1.5
0.0783333333333333,79,120,2.0
0.0763333333333333,79,114,2.0
0.0885,79,162,2.0
0.078,80,150,2.0
0.0813333333333333,78,121,2.0
0.0856666666666666,79,125,2.0
0.0833333333333333,80,132,2.0
0.083,79,127,2.0
0.0863333333333333,78,142,2.0
0.0763333333333333,80,152,2.0
0.073,80,166,2.0
0.07575,78,155,2.0
0.079,78,161,2.0
0.0716,79,110,2.0
0.0776666666666666,80,143,2.0
0.0806666666666666,80,136,2.0
0.0775,80,90,1.5
0.07425,80,107,2.0
0.07475,80,108,2.0
0.0843333333333333,80,128,2.0
0.0823333333333333,45,122,1.5
0.092,44,95,2.0
0.0826666666666666,46,145,1.5
0.071,44,114,1.5
0.0723333333333333,44,64,2.0
0.0705,44,83,2.0
0.07125,44,74,2.0
0.083,46,140,1.5
0.07775,44,78,2.0
0.07175,44,79,2.0
0.075,45,91,2.0
0.0768333333333333,44,84,1.5
0.07375,44,85,2.0
0.0791999999999999,45,79,2.0
0.0741666666666666,44,88,1.5
0.0743333333333333,45,91,1.5
0.0903333333333333,44,90,2.0
0.0751666666666666,45,92,1.5
0.091,44,94,2.0
0.097,44,93,2.0
0.0702,45,94,1.5
0.0706,44,95,1.5
0.09175,44,96,2.0
0.09275,44,99,2.0
0.0716666666666666,45,102,1.5
0.0773333333333333,45,112,1.5
0.0766666666666666,44,112,1.5
0.0796666666666666,46,116,1.5
0.0935,46,155,1.5
0.0793333333333333,46,125,1.5
0.0816666666666666,44,134,1.5
0.093,46,125,2.0
0.0796666666666666,45,142,1.5
0.0873333333333333,45,170,1.5
0.0883333333333333,45,175,1.5
0.0799999999999999,46,165,1.5
0.081,45,85,2.0
0.0835,45,64,2.0
0.0726,45,72,2.0
0.0702,45,73,2.0
0.0765,46,72,2.0
0.0925999999999999,45,78,2.0
0.0827499999999999,45,81,2.0
0.088,46,123,2.0
0.0841666666666666,45,88,1.5
0.0983333333333333,45,87,2.0
0.09875,45,89,2.0
0.0794,45,89,1.5
0.0843333333333333,45,90,1.5
0.092,45,94,2.0
0.0703999999999999,45,93,1.5
0.08025,45,96,1.5
0.0923333333333333,45,96,2.0
0.08175,45,97,1.5
0.0702499999999999,45,103,1.5
0.0953333333333333,45,104,2.0
0.07075,46,101,1.5
0.0936666666666666,45,123,2.0
0.0833333333333333,46,139,1.5
0.0766,46,62,2.0
0.0704,46,73,2.0
0.0804,46,82,2.0
0.0742,46,84,2.0
0.0988333333333333,46,85,1.5
0.0805999999999999,46,86,1.5
0.086,46,88,1.5
0.0755,46,88,2.0
0.0809999999999999,46,89,1.5
0.0861666666666666,46,90,1.5
0.0863333333333333,46,91,1.5
0.0846,46,96,1.5
0.0815,46,97,1.5
0.0879999999999999,46,169,1.5
0.0886666666666666,46,172,1.5
0.078,81,147,2.0
0.0776,81,122,2.0
0.0778,81,123,2.0
0.0784,81,124,2.0
0.084,81,133,2.0
0.0856666666666666,81,134,2.0
0.0763333333333333,81,135,2.0
0.0806666666666666,81,136,2.0
0.0895,82,86,2.0
0.0701666666666666,82,87,2.0
0.0748,82,125,2.0
0.0723333333333333,83,84,2.0
0.0798,83,85,2.0
0.0848,83,86,2.0
0.0806,83,87,2.0
0.0962,83,88,2.0
0.0728333333333333,83,89,1.5
0.071,83,91,1.5
0.0723333333333333,83,110,2.0
0.0705,83,151,2.0
0.0721666666666666,47,86,1.5
0.077,49,160,2.0
0.0786666666666666,47,62,2.0
0.0833333333333333,49,135,1.5
0.0763333333333333,47,82,2.0
0.0813333333333333,49,96,2.0
0.0795,47,86,2.0
0.0918,47,87,2.0
0.0863333333333333,47,88,1.5
0.0814,48,90,1.5
0.087,47,91,1.5
0.0768,47,93,1.5
0.08525,48,95,1.5
0.0846,47,96,1.5
0.0726,47,98,1.5
0.0773333333333333,49,112,2.0
0.0895,49,113,2.0
0.0826666666666666,49,146,1.5
0.08925,49,128,1.5
0.08975,49,117,1.5
0.094,49,172,1.5
0.09,49,118,1.5
0.07925,47,125,1.5
0.0793333333333333,48,128,1.5
0.083,49,144,1.5
0.0879999999999999,48,165,1.5
0.0799999999999999,49,166,2.0
0.0809999999999999,49,170,2.0
0.0802,48,86,1.5
0.0811666666666666,49,120,1.5
0.0745,49,83,1.5
0.0856666666666666,48,87,1.5
0.07175,48,74,2.0
0.0969999999999999,49,141,2.0
0.07025,48,76,2.0
0.0716666666666666,49,74,2.0
0.0893333333333333,48,82,1.5
0.0798333333333333,48,83,1.5
0.0791666666666666,48,84,1.5
0.0796666666666666,48,85,1.5
0.0858333333333333,48,88,1.5
0.086,48,89,1.5
0.0815999999999999,48,91,1.5
0.0762,48,93,1.5
0.08475,48,94,1.5
0.0883333333333333,48,96,1.5
0.0776,48,97,1.5
0.0715,48,97,2.0
0.0725,48,104,1.5
0.0818,48,106,1.5
0.0776666666666666,49,110,2.0
0.0786,49,116,1.5
0.079,48,114,1.5
0.09025,49,114,1.5
0.0836666666666666,48,120,2.0
0.0792,49,115,1.5
0.0849999999999999,48,123,1.5
0.0837499999999999,48,123,2.0
0.07175,49,125,1.5
0.0713333333333333,49,126,2.0
0.0775,49,157,2.0
0.0973333333333333,49,149,2.0
0.0706,49,64,2.0
0.0818333333333333,49,67,2.0
0.0744,49,73,2.0
0.0748333333333333,49,85,1.5
0.07375,49,84,2.0
0.07875,49,85,2.0
0.0868333333333333,49,86,1.5
0.0796666666666666,49,88,1.5
0.0803333333333333,49,89,1.5
0.0811666666666666,49,90,1.5
0.0871666666666666,49,91,1.5
0.0764,49,93,1.5
0.084,49,95,1.5
0.0845,49,96,1.5
0.0853333333333333,49,132,2.0
0.07725,49,106,1.5
0.0788,49,119,1.5
0.0834999999999999,49,121,2.0
0.0806666666666666,49,121,1.5
0.0839999999999999,49,122,2.0
0.0853999999999999,49,124,1.5
0.071,49,132,1.5
0.0979999999999999,49,157,1.5
0.0983333333333333,49,156,1.5
0.0976666666666666,49,161,1.5
0.0721666666666666,85,90,1.5
0.0723333333333333,84,110,2.0
0.0786666666666666,85,111,2.0
0.072,86,120,2.0
0.0714,85,108,1.5
0.079,86,106,2.0
0.0758333333333333,85,109,1.5
0.0712,85,110,1.5
0.0895,86,112,2.0
0.09,86,113,2.0
0.0766,86,89,2.0
0.0724,86,106,1.5
0.0718,86,108,1.5
0.0843333333333333,86,107,2.0
0.084,86,109,2.0
0.0708,86,109,1.5
0.0745,86,110,1.5
0.0849999999999999,86,118,2.0
0.09,52,141,1.5
0.0894,50,68,2.0
0.0841666666666666,50,69,2.0
0.078,50,168,2.0
0.0761666666666666,50,84,1.5
0.0763333333333333,51,85,1.5
0.088,50,86,1.5
0.0786666666666666,52,86,2.0
0.0779999999999999,50,87,1.5
0.0746666666666666,50,88,2.0
0.0826666666666666,52,123,1.5
0.0836666666666666,51,89,1.5
0.0784,51,121,1.5
0.0788,50,96,1.5
0.0816666666666666,51,96,2.0
0.0791999999999999,50,97,1.5
0.0804,50,98,1.5
0.0773333333333333,52,109,2.0
0.07725,50,103,1.5
0.08025,50,104,1.5
0.076,52,176,1.5
0.08,52,110,2.0
0.0803333333333333,52,117,1.5
0.0935,52,137,2.0
0.0823333333333333,52,113,2.0
0.0811666666666666,50,116,1.5
0.0837499999999999,50,118,2.0
0.081,52,154,1.5
0.0702,51,119,1.5
0.0839999999999999,51,119,2.0
0.0821666666666666,50,121,1.5
0.0716666666666666,50,121,2.0
0.0939999999999999,51,124,1.5
0.0905999999999999,50,125,1.5
0.0833333333333333,51,135,1.5
0.083,52,123,2.0
0.0976666666666666,50,136,2.0
0.0853333333333333,50,131,2.0
0.09,51,125,1.5
0.1009999999999999,50,132,2.0
0.0843333333333333,52,149,1.5
0.0846666666666666,52,87,2.0
0.0809999999999999,50,170,2.0
0.0973333333333333,52,136,2.0
0.0826666666666666,52,135,1.5
0.0969999999999999,50,149,1.5
0.077,52,116,1.5
0.0979999999999999,50,156,1.5
0.0775,50,156,2.0
0.0946666666666666,51,156,1.5
0.0715,52,96,2.0
0.072,51,159,2.0
0.094,52,150,1.5
0.07175,51,65,2.0
0.0844,51,66,2.0
0.0822499999999999,51,67,2.0
0.0827499999999999,52,68,2.0
0.073,51,71,2.0
0.0795,51,73,2.0
0.071,52,172,1.5
0.082,52,95,2.0
0.0796666666666666,51,115,1.5
0.0904,51,122,1.5
0.0906666666666666,51,127,1.5
0.0866,52,128,1.5
0.07525,51,130,1.5
0.091,51,148,1.5
0.0785,52,144,2.0
0.0903333333333333,52,148,1.5
0.1053333333333333,51,150,1.5
0.0989999999999999,51,153,1.5
0.0953333333333333,51,154,1.5
0.079,52,64,2.0
0.091,52,67,2.0
0.0818333333333333,52,69,2.0
0.0806,52,70,2.0
0.0708333333333333,52,71,1.5
0.0798,52,72,2.0
0.0886,52,73,2.0
0.0765,52,175,1.5
0.0898333333333333,52,85,1.5
0.0778333333333333,52,87,1.5
0.07125,52,96,1.5
0.07675,52,98,2.0
0.0776666666666666,52,108,2.0
0.0768,52,113,1.5
0.0774,52,115,1.5
0.0832499999999999,52,117,2.0
0.0808333333333333,52,118,1.5
0.08975,52,119,2.0
0.0913333333333333,52,120,2.0
0.0828333333333333,52,122,1.5
0.0786,52,124,1.5
0.0975,52,132,1.5
0.09325,52,139,1.5
0.0896666666666666,52,142,1.5
0.0915,52,153,1.5
0.0725,52,168,2.0
0.0895,52,179,1.5
0.07975,90,98,2.0
0.07225,87,90,2.0
0.07325,87,91,2.0
0.074,87,99,2.0
0.0866666666666666,87,100,2.0
0.0766666666666666,87,102,2.0
0.0736,87,107,1.5
0.0738,87,108,1.5
0.0788333333333333,87,110,1.5
0.0775,87,111,1.5
0.0956666666666666,88,113,2.0
0.0849999999999999,88,114,2.0
0.0703333333333333,89,166,2.0
0.07775,88,89,2.0
0.07475,88,90,2.0
0.073,88,91,2.0
0.07925,88,98,2.0
0.0736666666666666,88,100,2.0
0.0725,88,107,1.5
0.0816666666666666,88,110,1.5
0.0744,89,101,2.0
0.0955,88,111,2.0
0.07375,89,98,2.0
0.0705,89,99,2.0
0.087,89,100,2.0
0.0738333333333333,89,101,1.5
0.08125,89,103,2.0
0.0774,89,104,2.0
0.0716666666666666,89,108,2.0
0.0723333333333333,89,110,2.0
0.1003333333333333,89,113,2.0
0.0713999999999999,90,99,1.5
0.07575,90,99,2.0
0.0856666666666666,90,100,2.0
0.0836666666666666,90,102,1.5
0.0728333333333333,90,106,2.0
0.0755,90,109,2.0
0.07425,90,108,2.0
0.0866,90,110,2.0
0.0716666666666666,53,74,1.5
0.0915999999999999,53,65,2.0
0.0911999999999999,53,66,2.0
0.0924,53,67,2.0
0.0705,55,61,2.0
0.0776,54,68,2.0
0.0814,54,115,1.5
0.0848333333333333,53,70,1.5
0.0922,55,122,1.5
0.0855,53,71,1.5
0.0898,53,71,2.0
0.09475,53,72,2.0
0.0728333333333333,53,73,1.5
0.086,53,140,1.5
0.0783333333333333,53,88,2.0
0.0888333333333333,53,91,1.5
0.0851666666666666,55,118,1.5
0.0868333333333333,53,95,1.5
0.0715,54,96,2.0
0.0802,54,97,1.5
0.0763333333333333,55,74,1.5
0.0766666666666666,53,98,1.5
0.0803333333333333,53,142,1.5
0.0806666666666666,53,107,2.0
0.078,54,108,2.0
0.0776666666666666,55,107,2.0
0.0823333333333333,55,111,2.0
0.0836666666666666,55,114,2.0
0.0788333333333333,53,115,1.5
0.0837499999999999,53,116,2.0
0.0813333333333333,53,117,1.5
0.0905,54,117,2.0
0.083,54,120,2.0
0.0831666666666666,53,120,1.5
0.0901999999999999,54,120,1.5
0.0802,53,122,1.5
0.0768,53,128,1.5
0.0726666666666666,53,131,1.5
0.0973333333333333,53,132,2.0
0.08925,53,133,1.5
0.0895,55,105,2.0
0.0956666666666666,53,136,2.0
0.0784,55,128,1.5
0.091,53,137,2.0
0.0885,53,139,1.5
0.081,55,150,1.5
0.0915,53,150,1.5
0.0789999999999999,53,162,1.5
0.072,55,96,2.0
0.0875,55,178,1.5
0.082,54,114,1.5
0.0886666666666666,55,87,2.0
0.099,54,66,2.0
0.077,54,67,2.0
0.0706666666666666,54,69,1.5
0.10675,54,69,2.0
0.0866666666666666,55,63,2.0
0.0845,54,71,1.5
0.0785,54,71,2.0
0.07725,54,72,2.0
0.0796666666666666,54,74,2.0
0.0741666666666666,54,84,1.5
0.084,54,86,2.0
0.0843333333333333,54,87,2.0
0.077,55,176,1.5
0.0778,54,113,1.5
0.0833333333333333,55,118,2.0
0.0863333333333333,54,116,1.5
0.091,54,118,1.5
0.09,55,109,2.0
0.0897999999999999,54,119,1.5
0.0826666666666666,55,112,2.0
0.08625,55,121,2.0
0.0906666666666666,55,74,2.0
0.0923333333333333,55,131,2.0
0.0903333333333333,54,127,1.5
0.0795,55,127,2.0
0.0745,54,169,1.5
0.0846666666666666,55,148,1.5
0.0738333333333333,55,63,1.5
0.0726666666666666,55,64,1.5
0.0798,55,64,2.0
0.0735,55,65,1.5
0.0933333333333333,55,85,1.5
0.0746666666666666,55,66,1.5
0.08825,55,69,2.0
0.0708,55,67,1.5
0.0992,55,67,2.0
0.0723333333333333,55,68,1.5
0.07775,55,68,2.0
0.0741666666666666,55,69,1.5
0.08875,55,71,2.0
0.0748333333333333,55,72,1.5
0.074,55,165,1.5
0.09625,55,85,2.0
0.0926666666666666,55,86,1.5
0.0755,55,129,1.5
0.089,55,88,2.0
0.0703999999999999,55,103,1.5
0.0801666666666666,55,105,1.5
0.0756666666666666,55,109,1.5
0.0748333333333333,55,110,1.5
0.08975,55,110,2.0
0.0806,55,111,1.5
0.0808,55,112,1.5
0.0818,55,114,1.5
0.0746666666666666,55,116,1.5
0.0713333333333333,55,116,2.0
0.0842499999999999,55,117,2.0
0.0865,55,124,2.0
0.0756,55,124,1.5
0.0758,55,125,1.5
0.0795999999999999,55,127,1.5
0.0871999999999999,55,131,1.5
0.0735,55,132,1.5
0.07875,55,139,1.5
0.0856666666666666,55,152,1.5
0.089,55,177,1.5
0.0885,90,132,2.0
0.075,92,151,2.0
0.0703333333333333,90,167,2.0
0.0726666666666666,91,98,1.5
0.0716666666666666,91,111,1.5
0.0757999999999999,91,98,2.0
0.0711666666666666,91,99,1.5
0.0825,91,99,2.0
0.0732,91,100,1.5
0.0843333333333333,91,100,2.0
0.0833333333333333,91,101,1.5
0.089,91,101,2.0
0.0883333333333333,91,102,1.5
0.0834,91,103,2.0
0.0923333333333333,91,109,2.0
0.0756666666666666,91,115,2.0
0.0713333333333333,92,166,2.0
0.071,93,97,2.0
0.0738,92,94,2.0
0.0741999999999999,92,103,2.0
0.0832,92,104,2.0
0.0838,92,105,2.0
0.0896,92,106,2.0
0.095,92,117,2.0
0.0755,93,155,2.0
0.0826666666666666,93,106,2.0
0.08575,93,107,2.0
0.0744,93,111,2.0
0.0743333333333333,93,113,1.5
0.0835,58,109,1.5
0.091,56,61,2.0
0.0796666666666666,56,141,1.5
0.0741666666666666,56,64,1.5
0.1013333333333333,56,64,2.0
0.0714,56,65,2.0
0.0743333333333333,56,66,1.5
0.0911999999999999,56,66,2.0
0.0785,58,67,2.0
0.0708,56,75,2.0
0.09075,56,68,2.0
0.0776,58,83,2.0
0.0725,58,81,2.0
0.0705,58,149,1.5
0.07675,56,74,2.0
0.0783333333333333,56,81,2.0
0.0772,56,82,2.0
0.0861666666666666,56,87,1.5
0.0774,56,83,2.0
0.09025,57,124,1.5
0.0853333333333333,57,112,2.0
0.092,56,86,2.0
0.0851666666666666,56,86,1.5
0.0775,58,156,2.0
0.09275,56,87,2.0
0.096,56,89,1.5
0.093,57,86,2.0
0.071,57,70,2.0
0.07025,56,94,2.0
0.0773333333333333,56,105,2.0
0.072,56,102,2.0
0.0818,56,102,1.5
0.0825,58,103,1.5
0.0826666666666666,58,95,2.0
0.0895,56,104,2.0
0.081,57,62,2.0
0.09425,56,106,2.0
0.0935,58,136,2.0
0.0931999999999999,56,107,1.5
0.0945,57,108,2.0
0.08175,57,108,1.5
0.0846666666666666,56,113,2.0
0.0736666666666666,56,114,1.5
0.0723333333333333,56,114,2.0
0.0827499999999999,56,115,2.0
0.0832499999999999,56,116,2.0
0.084,58,141,2.0
0.0726666666666666,57,117,2.0
0.0781666666666666,56,118,1.5
0.0713333333333333,56,118,2.0
0.0916,56,119,1.5
0.0743333333333333,58,120,2.0
0.09,57,127,1.5
0.074,56,121,2.0
0.0746666666666666,57,119,2.0
0.07525,56,124,1.5
0.0877999999999999,56,125,1.5
0.0848333333333333,56,126,1.5
0.0736666666666666,58,112,2.0
0.0756,56,127,1.5
0.0733333333333333,56,128,2.0
0.0873999999999999,56,129,1.5
0.08625,56,129,2.0
0.0833333333333333,58,131,2.0
0.091,56,135,2.0
0.0838,56,137,1.5
0.0906666666666666,56,137,2.0
0.07875,56,139,1.5
0.0703999999999999,57,63,2.0
0.0778333333333333,57,64,2.0
0.08875,57,66,2.0
0.0778,57,84,1.5
0.0715,57,72,2.0
0.0782,58,84,1.5
0.0878,57,73,2.0
0.0702,57,76,2.0
0.0735,57,80,2.0
0.0718333333333333,57,81,2.0
0.0885,57,82,1.5
0.0838333333333333,57,85,1.5
0.09325,58,84,2.0
0.0724,57,88,2.0
0.078,58,157,2.0
0.0816666666666666,58,169,1.5
0.0818333333333333,58,99,1.5
0.086,57,111,2.0
0.0863333333333333,57,104,1.5
0.0845,57,105,1.5
0.082,58,168,1.5
0.08325,57,109,1.5
0.0758,57,112,1.5
0.0837499999999999,57,120,1.5
0.0756666666666666,58,117,2.0
0.0958333333333333,57,123,1.5
0.0883333333333333,57,125,1.5
0.0836666666666666,58,145,2.0
0.0919999999999999,57,137,2.0
0.0923333333333333,57,138,2.0
0.0718,58,62,2.0
0.0778333333333333,58,64,1.5
0.1058333333333333,58,64,2.0
0.0802,58,66,2.0
0.089,58,68,2.0
0.098,58,69,2.0
0.0894,58,70,2.0
0.0901666666666666,58,71,1.5
0.08725,58,71,2.0
0.0832,58,72,2.0
0.0748,58,74,2.0
0.0758333333333333,58,78,1.5
0.0721666666666666,58,80,2.0
0.0728333333333333,58,82,2.0
0.0789999999999999,58,110,1.5
0.08475,58,86,2.0
0.077,58,87,2.0
0.0742,58,90,2.0
0.0813333333333333,58,98,1.5
0.0821666666666666,58,102,1.5
0.0862,58,104,1.5
0.0784,58,105,1.5
0.08225,58,108,1.5
0.0753333333333333,58,114,2.0
0.0755,58,120,1.5
0.0843333333333333,58,122,2.0
0.0732,58,146,1.5
0.0722,58,147,1.5
0.0723333333333333,94,98,2.0
0.0743333333333333,94,97,2.0
0.0726,94,101,2.0
0.0736666666666666,94,102,2.0
0.08425,94,103,2.0
0.08475,94,104,2.0
0.086,94,105,2.0
0.0716666666666666,94,110,1.5
0.0854999999999999,96,163,2.0
0.076,94,126,2.0
0.0723333333333333,95,121,2.0
0.0755,95,125,2.0
0.0865,95,164,2.0
0.0785,96,140,2.0
0.09,96,141,2.0
0.0755999999999999,59,62,2.0
0.1011666666666666,59,63,2.0
0.102,59,64,2.0
0.0906,59,66,2.0
0.0808,60,67,2.0
0.0855,59,68,2.0
0.0958333333333333,59,69,2.0
0.0701666666666666,61,96,1.5
0.0714,59,70,2.0
0.0754,60,95,2.0
0.0824,59,73,2.0
0.0837499999999999,59,74,2.0
0.0716666666666666,61,68,2.0
0.0725,61,101,1.5
0.0784,59,84,2.0
0.0774,59,86,2.0
0.0749999999999999,61,96,2.0
0.0836666666666666,61,143,2.0
0.084,61,140,2.0
0.073,59,96,2.0
0.0808333333333333,61,66,2.0
0.0718,59,99,1.5
0.0894,59,100,1.5
0.07275,61,171,1.5
0.087,60,90,2.0
0.0856,59,102,1.5
0.0838333333333333,59,103,1.5
0.0862,59,104,1.5
0.0935,61,130,2.0
0.082,59,105,1.5
0.0715,59,107,1.5
0.07125,59,108,1.5
0.0922,59,109,1.5
0.092,59,110,1.5
0.0766666666666666,60,123,2.0
0.07325,60,119,2.0
0.07275,60,121,2.0
0.0853333333333333,59,123,2.0
0.0756666666666666,60,140,2.0
0.0895,59,177,2.0
0.087,61,74,2.0
0.0748,61,71,2.0
0.0745,60,62,2.0
0.0812499999999999,60,63,2.0
0.0878,60,64,2.0
0.07725,60,65,2.0
0.0913333333333333,60,68,2.0
0.0792,60,71,2.0
0.1026,60,72,2.0
0.0722,60,73,2.0
0.0785,60,74,2.0
0.0826,60,75,2.0
0.0778,60,79,2.0
0.0758333333333333,60,82,2.0
0.0708333333333333,61,89,1.5
0.0745,60,88,2.0
0.0747999999999999,60,96,2.0
0.0861666666666666,60,101,1.5
0.0731666666666666,60,103,1.5
0.0722,60,108,1.5
0.0816666666666666,60,109,1.5
0.07825,60,109,2.0
0.0735,60,110,1.5
0.0733333333333333,60,111,1.5
0.074,61,110,1.5
0.0715,60,116,2.0
0.0763333333333333,60,124,2.0
0.0796666666666666,60,152,2.0
0.0896666666666666,61,162,2.0
0.089,60,163,2.0
0.072,61,116,2.0
0.0999999999999999,61,175,2.0
0.0899999999999999,61,177,2.0
0.07475,60,178,1.5
0.0804,60,179,1.5
0.097,61,75,2.0
0.0712,61,77,2.0
0.0711666666666666,61,83,1.5
0.0805999999999999,61,86,2.0
0.0755,61,90,2.0
0.0711666666666666,61,102,1.5
0.0743333333333333,61,111,1.5
0.0789999999999999,61,129,2.0
0.07025,61,115,2.0
0.0753333333333333,61,141,2.0
0.0843333333333333,61,146,2.0
0.0846666666666666,61,145,2.0
0.0793333333333333,61,150,2.0
0.07225,61,172,1.5
0.0886,61,173,1.5
0.0882,61,174,1.5
0.0892,61,175,1.5
0.0812,61,177,1.5
0.0751666666666666,97,98,2.0
0.0832,97,103,2.0
0.0723333333333333,99,111,1.5
0.0718333333333333,97,115,1.5
0.0854999999999999,98,162,2.0
0.0726666666666666,99,112,1.5
0.089,98,111,2.0
0.0706,98,103,2.0
0.0716,98,104,2.0
0.0766666666666666,98,109,1.5
0.0788333333333333,98,110,1.5
0.0716666666666666,98,110,2.0
0.0785,98,111,1.5
0.0816666666666666,98,112,1.5
0.0813333333333333,98,112,2.0
0.091,98,113,2.0
0.0775999999999999,98,115,1.5
0.0756666666666666,99,173,1.5
0.071,99,105,1.5
0.0808333333333333,99,113,1.5
0.086,99,161,2.0
0.0866666666666666,99,162,2.0
0.0938333333333333,62,66,2.0
0.0852,62,67,2.0
0.0785999999999999,62,71,2.0
0.0716666666666666,64,77,2.0
0.072,62,84,2.0
0.0804,62,154,1.5
0.0762,62,92,1.5
0.0786666666666666,62,93,1.5
0.0826666666666666,63,127,2.0
0.0731666666666666,62,102,2.0
0.0745,62,104,2.0
0.0751666666666666,64,136,1.5
0.07425,62,107,2.0
0.07275,62,113,2.0
0.0989999999999999,64,143,2.0
0.0725,62,114,2.0
0.0745,62,115,1.5
0.0858,62,115,2.0
0.081,62,140,2.0
0.0741666666666666,62,116,1.5
0.0856,63,72,2.0
0.0896666666666666,64,110,2.0
0.0935,64,136,2.0
0.0804999999999999,62,129,2.0
0.0853333333333333,62,131,2.0
0.0996666666666666,64,144,2.0
0.08075,63,149,1.5
0.0843333333333333,63,143,2.0
0.0798,62,152,1.5
0.08125,63,156,1.5
0.0889999999999999,62,170,1.5
0.0736666666666666,64,135,1.5
0.0841666666666666,63,69,2.0
0.0772,63,70,2.0
0.0721666666666666,63,82,2.0
0.07225,63,83,2.0
0.0723999999999999,63,84,2.0
0.0703333333333333,63,87,2.0
0.0703999999999999,63,94,2.0
0.0708,63,95,2.0
0.08,64,152,2.0
0.0775,63,142,1.5
0.0871999999999999,63,104,2.0
0.0877999999999999,63,105,2.0
0.0798333333333333,63,106,1.5
0.079,63,107,2.0
0.0856666666666666,63,110,2.0
0.07175,63,112,2.0
0.094,64,145,2.0
0.0886,63,129,1.5
0.0761666666666666,63,132,1.5
0.095,64,133,2.0
0.0746,63,133,1.5
0.0771666666666666,63,139,1.5
0.0722,63,144,1.5
0.105,63,145,2.0
0.08775,63,147,2.0
0.088,63,148,2.0
0.0802,63,153,1.5
0.0733333333333333,63,169,1.5
0.08225,63,173,1.5
0.08175,63,174,1.5
0.07175,63,175,1.5
0.0876,64,70,2.0
0.0713333333333333,64,73,2.0
0.0854999999999999,64,80,2.0
0.075,64,108,2.0
0.07125,64,111,2.0
0.0738333333333333,64,126,1.5
0.0786666666666666,64,129,2.0
0.0744,64,133,1.5
0.0742,64,134,1.5
0.0765999999999999,65,69,2.0
0.0934,65,74,2.0
0.0868333333333333,65,82,2.0
0.08175,65,96,2.0
0.0745,65,108,2.0
0.0893333333333333,65,109,2.0
0.08625,65,110,2.0
0.0935,65,136,2.0
0.0704,65,123,1.5
0.0786666666666666,65,131,2.0
0.074,65,129,1.5
0.0989999999999999,65,137,2.0
0.08,65,144,2.0
0.0776,65,147,1.5
0.0716666666666666,65,149,1.5
0.0925,65,150,1.5
0.1045,65,151,1.5
0.095,65,152,1.5
0.0848333333333333,65,153,1.5
0.0809999999999999,65,154,2.0
0.0738,100,103,2.0
0.08725,100,107,2.0
0.0713333333333333,100,108,2.0
0.076,100,174,1.5
0.0813333333333333,100,109,1.5
0.0706666666666666,100,109,2.0
0.0833333333333333,101,112,1.5
0.0839999999999999,100,110,2.0
0.084,100,111,1.5
0.0818333333333333,100,112,1.5
0.09,101,126,2.0
0.0801666666666666,100,113,1.5
0.0723333333333333,100,114,2.0
0.086,100,162,2.0
0.0753333333333333,100,173,1.5
0.07325,101,104,2.0
0.0766666666666666,101,106,1.5
0.0773333333333333,101,110,1.5
0.0925,101,112,2.0
0.0791666666666666,101,113,1.5
0.0743333333333333,101,122,2.0
0.0736666666666666,101,127,2.0
0.0854999999999999,101,160,2.0
0.0786666666666666,101,161,1.5
0.0733333333333333,101,162,1.5
