ROI,Dev Factor,Rsi period,Rsi low,Rsi high,Bollinger Period,Gain value
score,pfast,pslow,high_low_period,high_low_error,gain_value
0.00043250250000000323,2,14,5,0.1,1.0
0.007817502500000023,2,14,5,0.1,1.5
0.009055252499999993,2,14,5,0.2,1.0
0.010236002500000072,2,14,5,0.2,1.5
0.008455252499999968,2,14,5,0.3,1.0
0.00963600250000005,2,14,5,0.3,1.5
0.008253749999999848,2,14,5,0.4,1.0
0.00943449999999993,2,14,5,0.4,1.5
0.008253749999999848,2,14,5,0.5,1.0
0.00943449999999993,2,14,5,0.5,1.5
0.008253749999999848,2,14,5,0.6,1.0
0.00943449999999993,2,14,5,0.6,1.5
0.008253749999999848,2,14,5,0.7,1.0
0.00943449999999993,2,14,5,0.7,1.5
0.008253749999999848,2,14,5,0.8,1.0
0.00943449999999993,2,14,5,0.8,1.5
0.008253749999999848,2,14,5,0.9,1.0
0.00943449999999993,2,14,5,0.9,1.5
0.0009505000000000059,2,17,5,0.1,1.0
0.0027260000000001133,2,17,5,0.1,1.5
0.0007662500000000229,2,17,5,0.2,1.0
0.004765750000000063,2,17,5,0.2,1.5
0.008286500000000032,2,17,5,0.3,1.0
0.008768500000000115,2,17,5,0.3,1.5
0.007810129999999913,2,17,5,0.4,1.0
0.009371499999999994,2,17,5,0.4,1.5
0.007810129999999913,2,17,5,0.5,1.0
0.009371499999999994,2,17,5,0.5,1.5
0.007810129999999913,2,17,5,0.6,1.0
0.009371499999999994,2,17,5,0.6,1.5
0.007810129999999913,2,17,5,0.7,1.0
0.009371499999999994,2,17,5,0.7,1.5
0.007810129999999913,2,17,5,0.8,1.0
0.009371499999999994,2,17,5,0.8,1.5
0.007810129999999913,2,17,5,0.9,1.0
0.009371499999999994,2,17,5,0.9,1.5
0.001574000000000006,2,20,5,0.1,1.0
0.009224000000000012,2,20,5,0.1,1.5
0.0002662500000000513,2,20,5,0.2,1.0
0.016047500000000027,2,20,5,0.2,1.5
0.0012112499999998973,2,20,5,0.3,1.0
0.0031612499999999714,2,20,5,0.3,1.5
0.007260129999999987,2,20,5,0.4,1.0
0.011160129999999992,2,20,5,0.4,1.5
0.007260129999999987,2,20,5,0.5,1.0
0.011160129999999992,2,20,5,0.5,1.5
0.007260129999999987,2,20,5,0.6,1.0
0.011160129999999992,2,20,5,0.6,1.5
0.007260129999999987,2,20,5,0.7,1.0
0.011160129999999992,2,20,5,0.7,1.5
0.007260129999999987,2,20,5,0.8,1.0
0.011160129999999992,2,20,5,0.8,1.5
0.007260129999999987,2,20,5,0.9,1.0
0.011160129999999992,2,20,5,0.9,1.5
0.0004740000000000116,2,23,5,0.1,1.0
0.0037234999999998814,2,23,5,0.1,1.5
0.0002662500000000513,2,23,5,0.2,1.0
0.008559250000000086,2,23,5,0.2,1.5
0.0012112499999998973,2,23,5,0.3,1.0
0.011328749999999818,2,23,5,0.3,1.5
0.009709380000000033,2,23,5,0.4,1.0
0.011259380000000044,2,23,5,0.4,1.5
0.009709380000000033,2,23,5,0.5,1.0
0.011259380000000044,2,23,5,0.5,1.5
0.009709380000000033,2,23,5,0.6,1.0
0.011259380000000044,2,23,5,0.6,1.5
0.009709380000000033,2,23,5,0.7,1.0
0.011259380000000044,2,23,5,0.7,1.5
0.009709380000000033,2,23,5,0.8,1.0
0.011259380000000044,2,23,5,0.8,1.5
0.009709380000000033,2,23,5,0.9,1.0
0.011259380000000044,2,23,5,0.9,1.5
0.001763749999999807,2,26,5,0.1,1.0
0.008589250000000012,2,26,5,0.1,1.5
0.009172502500000068,2,26,5,0.2,1.0
0.01605300000000003,2,26,5,0.2,1.5
0.006379502500000104,2,26,5,0.3,1.0
0.015450000000000005,2,26,5,0.3,1.5
0.006379502500000104,2,26,5,0.4,1.0
0.009989249999999941,2,26,5,0.4,1.5
0.006379502500000104,2,26,5,0.5,1.0
0.009989249999999941,2,26,5,0.5,1.5
0.006078002500000092,2,26,5,0.6,1.0
0.015013374999999964,2,26,5,0.6,1.5
0.006078002500000092,2,26,5,0.7,1.0
0.015013374999999964,2,26,5,0.7,1.5
0.006078002500000092,2,26,5,0.8,1.0
0.015013374999999964,2,26,5,0.8,1.5
0.006078002500000092,2,26,5,0.9,1.0
0.015013374999999964,2,26,5,0.9,1.5
0.0003232500000000059,2,29,5,0.1,1.0
0.0035727499999998755,2,29,5,0.1,1.5
0.002016250000000023,2,29,5,0.2,1.0
0.01219100000000008,2,29,5,0.2,1.5
0.0010112499999999371,2,29,5,0.3,1.0
0.014711000000000057,2,29,5,0.3,1.5
0.008239249999999969,2,29,5,0.4,1.0
0.010961249999999983,2,29,5,0.4,1.5
0.008239249999999969,2,29,5,0.5,1.0
0.010961249999999983,2,29,5,0.5,1.5
0.007937749999999957,2,29,5,0.6,1.0
0.010659749999999971,2,29,5,0.6,1.5
0.007937749999999957,2,29,5,0.7,1.0
0.010659749999999971,2,29,5,0.7,1.5
0.007937749999999957,2,29,5,0.8,1.0
0.010659749999999971,2,29,5,0.8,1.5
0.007937749999999957,2,29,5,0.9,1.0
0.010659749999999971,2,29,5,0.9,1.5
0.011252750000000035,5,14,5,0.1,1.0
0.013028250000000142,5,14,5,0.1,1.5
0.013545999999999956,5,14,5,0.2,1.0
0.016721000000000052,5,14,5,0.2,1.5
0.013545999999999956,5,14,5,0.3,1.0
0.016721000000000052,5,14,5,0.3,1.5
0.013545999999999956,5,14,5,0.4,1.0
0.016721000000000052,5,14,5,0.4,1.5
0.013545999999999956,5,14,5,0.5,1.0
0.016721000000000052,5,14,5,0.5,1.5
0.013545999999999956,5,14,5,0.6,1.0
0.016721000000000052,5,14,5,0.6,1.5
0.013545999999999956,5,14,5,0.7,1.0
0.016721000000000052,5,14,5,0.7,1.5
0.013545999999999956,5,14,5,0.8,1.0
0.016721000000000052,5,14,5,0.8,1.5
0.013545999999999956,5,14,5,0.9,1.0
0.016721000000000052,5,14,5,0.9,1.5
0.0016744999999999146,5,17,5,0.1,1.0
0.006724500000000012,5,17,5,0.1,1.5
0.0015137500000000515,5,17,5,0.2,1.0
0.00456375000000012,5,17,5,0.2,1.5
0.0015137500000000515,5,17,5,0.3,1.0
0.009169750000000193,5,17,5,0.3,1.5
0.008557880000000084,5,17,5,0.4,1.0
0.009169750000000193,5,17,5,0.4,1.5
0.007161935000000017,5,17,5,0.5,1.0
0.007773805000000127,5,17,5,0.5,1.5
0.007753879999999959,5,17,5,0.6,1.0
0.008365750000000068,5,17,5,0.6,1.5
0.007753879999999959,5,17,5,0.7,1.0
0.008365750000000068,5,17,5,0.7,1.5
0.007753879999999959,5,17,5,0.8,1.0
0.008365750000000068,5,17,5,0.8,1.5
0.007753879999999959,5,17,5,0.9,1.0
0.008365750000000068,5,17,5,0.9,1.5
0.011692250000000211,5,20,5,0.1,1.0
0.011692250000000211,5,20,5,0.1,1.5
0.005118999999999926,5,20,5,0.2,1.0
0.015712250000000125,5,20,5,0.2,1.5
0.005118999999999926,5,20,5,0.3,1.0
0.015712250000000125,5,20,5,0.3,1.5
0.005692999999999989,5,20,5,0.4,1.0
0.01576250000000008,5,20,5,0.4,1.5
0.005692999999999989,5,20,5,0.5,1.0
0.01576250000000008,5,20,5,0.5,1.5
0.005692999999999989,5,20,5,0.6,1.0
0.01576250000000008,5,20,5,0.6,1.5
0.005692999999999989,5,20,5,0.7,1.0
0.01576250000000008,5,20,5,0.7,1.5
0.005692999999999989,5,20,5,0.8,1.0
0.01576250000000008,5,20,5,0.8,1.5
0.005692999999999989,5,20,5,0.9,1.0
0.01576250000000008,5,20,5,0.9,1.5
0.0007549999999999031,5,23,5,0.1,1.0
0.005030500000000011,5,23,5,0.1,1.5
0.005118999999999926,5,23,5,0.2,1.0
0.007844500000000022,5,23,5,0.2,1.5
0.005118999999999926,5,23,5,0.3,1.0
0.007844500000000022,5,23,5,0.3,1.5
0.005118999999999926,5,23,5,0.4,1.0
0.01576250000000008,5,23,5,0.4,1.5
0.005198999999999875,5,23,5,0.5,1.0
0.01576250000000008,5,23,5,0.5,1.5
0.005198999999999875,5,23,5,0.6,1.0
0.01576250000000008,5,23,5,0.6,1.5
0.005198999999999875,5,23,5,0.7,1.0
0.01576250000000008,5,23,5,0.7,1.5
0.005198999999999875,5,23,5,0.8,1.0
0.01576250000000008,5,23,5,0.8,1.5
0.005198999999999875,5,23,5,0.9,1.0
0.01576250000000008,5,23,5,0.9,1.5
0.0018647500000000335,5,26,5,0.1,1.0
0.0038227499999999464,5,26,5,0.1,1.5
0.0018647500000000335,5,26,5,0.2,1.0
0.0038227499999999464,5,26,5,0.2,1.5
0.008790747499999894,5,26,5,0.3,1.0
0.010748747499999807,5,26,5,0.3,1.5
0.008790747499999894,5,26,5,0.4,1.0
0.010748747499999807,5,26,5,0.4,1.5
0.008790747499999894,5,26,5,0.5,1.0
0.010748747499999807,5,26,5,0.5,1.5
0.008790747499999894,5,26,5,0.6,1.0
0.010748747499999807,5,26,5,0.6,1.5
0.008790747499999894,5,26,5,0.7,1.0
0.010748747499999807,5,26,5,0.7,1.5
0.008790747499999894,5,26,5,0.8,1.0
0.010748747499999807,5,26,5,0.8,1.5
0.008790747499999894,5,26,5,0.9,1.0
0.010748747499999807,5,26,5,0.9,1.5
0.0008987499999999087,5,29,5,0.1,1.0
0.003998749999999931,5,29,5,0.1,1.5
0.0011237499999999883,5,29,5,0.2,1.0
0.003998749999999931,5,29,5,0.2,1.5
0.008261497499999928,5,29,5,0.3,1.0
0.015136497499999927,5,29,5,0.3,1.5
0.008261497499999928,5,29,5,0.4,1.0
0.015136497499999927,5,29,5,0.4,1.5
0.008261497499999928,5,29,5,0.5,1.0
0.015136497499999927,5,29,5,0.5,1.5
0.008261497499999928,5,29,5,0.6,1.0
0.015136497499999927,5,29,5,0.6,1.5
0.008261497499999928,5,29,5,0.7,1.0
0.015136497499999927,5,29,5,0.7,1.5
0.008261497499999928,5,29,5,0.8,1.0
0.015136497499999927,5,29,5,0.8,1.5
0.008261497499999928,5,29,5,0.9,1.0
0.015136497499999927,5,29,5,0.9,1.5
0.011974750000000086,8,14,5,0.1,1.0
0.012949750000000051,8,14,5,0.1,1.5
0.008932999999999993,8,14,5,0.2,1.0
0.010543249999999914,8,14,5,0.2,1.5
0.008932999999999993,8,14,5,0.3,1.0
0.010543249999999914,8,14,5,0.3,1.5
0.007401379999999992,8,14,5,0.4,1.0
0.010543249999999914,8,14,5,0.4,1.5
0.008038380000000135,8,14,5,0.5,1.0
0.011345000000000084,8,14,5,0.5,1.5
0.008038380000000135,8,14,5,0.6,1.0
0.011345000000000084,8,14,5,0.6,1.5
0.008038380000000135,8,14,5,0.7,1.0
0.011345000000000084,8,14,5,0.7,1.5
0.008038380000000135,8,14,5,0.8,1.0
0.011345000000000084,8,14,5,0.8,1.5
0.008038380000000135,8,14,5,0.9,1.0
0.011345000000000084,8,14,5,0.9,1.5
0.001574000000000006,8,17,5,0.1,1.0
0.0037234999999998814,8,17,5,0.1,1.5
0.0003567499999998013,8,17,5,0.2,1.0
0.0032572500000000227,8,17,5,0.2,1.5
0.0012607474999996769,8,17,5,0.3,1.0
0.010617247499999994,8,17,5,0.3,1.5
0.010128747499999723,8,17,5,0.4,1.0
0.010617247499999994,8,17,5,0.4,1.5
0.010128747499999723,8,17,5,0.5,1.0
0.010617247499999994,8,17,5,0.5,1.5
0.010128747499999723,8,17,5,0.6,1.0
0.010617247499999994,8,17,5,0.6,1.5
0.010128747499999723,8,17,5,0.7,1.0
0.010617247499999994,8,17,5,0.7,1.5
0.010128747499999723,8,17,5,0.8,1.0
0.010617247499999994,8,17,5,0.8,1.5
0.010128747499999723,8,17,5,0.9,1.0
0.010617247499999994,8,17,5,0.9,1.5
0.002014999999999864,8,20,5,0.1,1.0
0.01643780000000015,8,20,5,0.1,1.5
0.006596502500000119,8,20,5,0.2,1.0
0.016086050000000185,8,20,5,0.2,1.5
0.006428999999999883,8,20,5,0.3,1.0
0.015683547499999964,8,20,5,0.3,1.5
0.006428999999999883,8,20,5,0.4,1.0
0.010089247499999832,8,20,5,0.4,1.5
0.006428999999999883,8,20,5,0.5,1.0
0.010089247499999832,8,20,5,0.5,1.5
0.006428999999999883,8,20,5,0.6,1.0
0.010089247499999832,8,20,5,0.6,1.5
0.006428999999999883,8,20,5,0.7,1.0
0.010089247499999832,8,20,5,0.7,1.5
0.006428999999999883,8,20,5,0.8,1.0
0.010089247499999832,8,20,5,0.8,1.5
0.006428999999999883,8,20,5,0.9,1.0
0.010089247499999832,8,20,5,0.9,1.5
0.0025174999999998354,8,23,5,0.1,1.0
0.0045764999999999756,8,23,5,0.1,1.5
0.005194,8,23,5,0.2,1.0
0.007743499999999796,8,23,5,0.2,1.5
0.005194,8,23,5,0.3,1.0
0.007743499999999796,8,23,5,0.3,1.5
0.005194,8,23,5,0.4,1.0
0.007743499999999796,8,23,5,0.4,1.5
0.005194,8,23,5,0.5,1.0
0.007743499999999796,8,23,5,0.5,1.5
0.005194,8,23,5,0.6,1.0
0.007743499999999796,8,23,5,0.6,1.5
0.005194,8,23,5,0.7,1.0
0.007743499999999796,8,23,5,0.7,1.5
0.005194,8,23,5,0.8,1.0
0.007743499999999796,8,23,5,0.8,1.5
0.005194,8,23,5,0.9,1.0
0.007743499999999796,8,23,5,0.9,1.5
0.00027299999999990873,8,26,5,0.1,1.0
0.0035224999999997784,8,26,5,0.1,1.5
0.008220749999999942,8,26,5,0.2,1.0
0.01147024999999981,8,26,5,0.2,1.5
0.0069314999999998544,8,26,5,0.3,1.0
0.013132000000000059,8,26,5,0.3,1.5
0.0069314999999998544,8,26,5,0.4,1.0
0.013132000000000059,8,26,5,0.4,1.5
0.0069314999999998544,8,26,5,0.5,1.0
0.013132000000000059,8,26,5,0.5,1.5
0.0069314999999998544,8,26,5,0.6,1.0
0.013132000000000059,8,26,5,0.6,1.5
0.0069314999999998544,8,26,5,0.7,1.0
0.013132000000000059,8,26,5,0.7,1.5
0.0069314999999998544,8,26,5,0.8,1.0
0.013132000000000059,8,26,5,0.8,1.5
0.0069314999999998544,8,26,5,0.9,1.0
0.013132000000000059,8,26,5,0.9,1.5
0.0013251249999999487,8,29,5,0.1,1.0
0.004050625000000045,8,29,5,0.1,1.5
0.010110500000000078,8,29,5,0.2,1.0
0.016210000000000058,8,29,5,0.2,1.5
0.007949750000000045,8,29,5,0.3,1.0
0.014049250000000024,8,29,5,0.3,1.5
0.007949750000000045,8,29,5,0.4,1.0
0.014049250000000024,8,29,5,0.4,1.5
0.007949750000000045,8,29,5,0.5,1.0
0.014049250000000024,8,29,5,0.5,1.5
0.007949750000000045,8,29,5,0.6,1.0
0.014049250000000024,8,29,5,0.6,1.5
0.007949750000000045,8,29,5,0.7,1.0
0.014049250000000024,8,29,5,0.7,1.5
0.007949750000000045,8,29,5,0.8,1.0
0.014049250000000024,8,29,5,0.8,1.5
0.007949750000000045,8,29,5,0.9,1.0
0.014049250000000024,8,29,5,0.9,1.5
0.012665875000000017,11,14,5,0.1,1.0
0.01491587499999996,11,14,5,0.1,1.5
0.007415252500000238,11,14,5,0.2,1.0
0.009665252500000181,11,14,5,0.2,1.5
0.007794500000000024,11,14,5,0.3,1.0
0.010619500000000013,11,14,5,0.3,1.5
0.007794500000000024,11,14,5,0.4,1.0
0.010619500000000013,11,14,5,0.4,1.5
0.007794500000000024,11,14,5,0.5,1.0
0.010619500000000013,11,14,5,0.5,1.5
0.007794500000000024,11,14,5,0.6,1.0
0.010619500000000013,11,14,5,0.6,1.5
0.007794500000000024,11,14,5,0.7,1.0
0.010619500000000013,11,14,5,0.7,1.5
0.007794500000000024,11,14,5,0.8,1.0
0.010619500000000013,11,14,5,0.8,1.5
0.007794500000000024,11,14,5,0.9,1.0
0.010619500000000013,11,14,5,0.9,1.5
0.00836000000000002,11,17,5,0.1,1.0
0.01106450000000013,11,17,5,0.1,1.5
0.008410249999999973,11,17,5,0.2,1.0
0.011114750000000083,11,17,5,0.2,1.5
0.008963000000000042,11,17,5,0.3,1.0
0.011667500000000152,11,17,5,0.3,1.5
0.008963000000000042,11,17,5,0.4,1.0
0.011667500000000152,11,17,5,0.4,1.5
0.008963000000000042,11,17,5,0.5,1.0
0.011667500000000152,11,17,5,0.5,1.5
0.008963000000000042,11,17,5,0.6,1.0
0.011667500000000152,11,17,5,0.6,1.5
0.008963000000000042,11,17,5,0.7,1.0
0.011667500000000152,11,17,5,0.7,1.5
0.008963000000000042,11,17,5,0.8,1.0
0.011667500000000152,11,17,5,0.8,1.5
0.008963000000000042,11,17,5,0.9,1.0
0.011667500000000152,11,17,5,0.9,1.5
0.011111250000000024,11,20,5,0.1,1.0
0.01509099999999992,11,20,5,0.1,1.5
0.008886749999999933,11,20,5,0.2,1.0
0.012553354999999834,11,20,5,0.2,1.5
0.008095854999999775,11,20,5,0.3,1.0
0.010945354999999867,11,20,5,0.3,1.5
0.008095854999999775,11,20,5,0.4,1.0
0.010945354999999867,11,20,5,0.4,1.5
0.008095854999999775,11,20,5,0.5,1.0
0.010945354999999867,11,20,5,0.5,1.5
0.008095854999999775,11,20,5,0.6,1.0
0.010945354999999867,11,20,5,0.6,1.5
0.008095854999999775,11,20,5,0.7,1.0
0.010945354999999867,11,20,5,0.7,1.5
0.008095854999999775,11,20,5,0.8,1.0
0.010945354999999867,11,20,5,0.8,1.5
0.008095854999999775,11,20,5,0.9,1.0
0.010945354999999867,11,20,5,0.9,1.5
0.00042374999999991443,11,23,5,0.1,1.0
0.01825150000000004,11,23,5,0.1,1.5
0.00042374999999991443,11,23,5,0.2,1.0
0.01109462500000003,11,23,5,0.2,1.5
0.007050250000000136,11,23,5,0.3,1.0
0.011912750000000107,11,23,5,0.3,1.5
0.007050250000000136,11,23,5,0.4,1.0
0.011912750000000107,11,23,5,0.4,1.5
0.007050250000000136,11,23,5,0.5,1.0
0.011912750000000107,11,23,5,0.5,1.5
0.007050250000000136,11,23,5,0.6,1.0
0.011912750000000107,11,23,5,0.6,1.5
0.007050250000000136,11,23,5,0.7,1.0
0.011912750000000107,11,23,5,0.7,1.5
0.007050250000000136,11,23,5,0.8,1.0
0.011912750000000107,11,23,5,0.8,1.5
0.007050250000000136,11,23,5,0.9,1.0
0.011912750000000107,11,23,5,0.9,1.5
0.012921500000000074,11,26,5,0.1,1.0
0.010400625000000078,11,26,5,0.1,1.5
0.009258125000000126,11,26,5,0.2,1.0
0.015983125000000122,11,26,5,0.2,1.5
0.007474250000000035,11,26,5,0.3,1.0
0.01419925000000003,11,26,5,0.3,1.5
0.007474250000000035,11,26,5,0.4,1.0
0.01739924999999996,11,26,5,0.4,1.5
0.007474250000000035,11,26,5,0.5,1.0
0.01739924999999996,11,26,5,0.5,1.5
0.007474250000000035,11,26,5,0.6,1.0
0.01739924999999996,11,26,5,0.6,1.5
0.007474250000000035,11,26,5,0.7,1.0
0.01739924999999996,11,26,5,0.7,1.5
0.007474250000000035,11,26,5,0.8,1.0
0.01739924999999996,11,26,5,0.8,1.5
0.007474250000000035,11,26,5,0.9,1.0
0.01739924999999996,11,26,5,0.9,1.5
0.0009222499999998859,11,29,5,0.1,1.0
0.009722249999999983,11,29,5,0.1,1.5
0.008004749999999982,11,29,5,0.2,1.0
0.014729749999999979,11,29,5,0.2,1.5
0.007954750000000028,11,29,5,0.3,1.0
0.014679750000000024,11,29,5,0.3,1.5
0.006086957499999866,11,29,5,0.4,1.0
0.01281195749999986,11,29,5,0.4,1.5
0.006086957499999866,11,29,5,0.5,1.0
0.015511957499999821,11,29,5,0.5,1.5
0.006086957499999866,11,29,5,0.6,1.0
0.015511957499999821,11,29,5,0.6,1.5
0.006086957499999866,11,29,5,0.7,1.0
0.015511957499999821,11,29,5,0.7,1.5
0.006086957499999866,11,29,5,0.8,1.0
0.015511957499999821,11,29,5,0.8,1.5
0.006086957499999866,11,29,5,0.9,1.0
0.015511957499999821,11,29,5,0.9,1.5
0.0,14,14,5,0.1,1.0
0.0,14,14,5,0.1,1.5
0.0,14,14,5,0.2,1.0
0.0,14,14,5,0.2,1.5
0.0,14,14,5,0.3,1.0
0.0,14,14,5,0.3,1.5
0.0,14,14,5,0.4,1.0
0.0,14,14,5,0.4,1.5
0.0,14,14,5,0.5,1.0
0.0,14,14,5,0.5,1.5
0.0,14,14,5,0.6,1.0
0.0,14,14,5,0.6,1.5
0.0,14,14,5,0.7,1.0
0.0,14,14,5,0.7,1.5
0.0,14,14,5,0.8,1.0
0.0,14,14,5,0.8,1.5
0.0,14,14,5,0.9,1.0
0.0,14,14,5,0.9,1.5
0.012203499999999971,14,17,5,0.1,1.0
0.008877000000000041,14,17,5,0.1,1.5
0.006157250000000103,14,17,5,0.2,1.0
0.00993225000000008,14,17,5,0.2,1.5
0.006157250000000103,14,17,5,0.3,1.0
0.00993225000000008,14,17,5,0.3,1.5
0.003557250000000194,14,17,5,0.4,1.0
0.00993225000000008,14,17,5,0.4,1.5
0.003557250000000194,14,17,5,0.5,1.0
0.00993225000000008,14,17,5,0.5,1.5
0.003557250000000194,14,17,5,0.6,1.0
0.00993225000000008,14,17,5,0.6,1.5
0.003557250000000194,14,17,5,0.7,1.0
0.00993225000000008,14,17,5,0.7,1.5
0.003557250000000194,14,17,5,0.8,1.0
0.00993225000000008,14,17,5,0.8,1.5
0.003557250000000194,14,17,5,0.9,1.0
0.00993225000000008,14,17,5,0.9,1.5
0.008522749999999963,14,20,5,0.1,1.0
0.018758749999999845,14,20,5,0.1,1.5
0.005154750000000017,14,20,5,0.2,1.0
0.008354250000000075,14,20,5,0.2,1.5
0.005154750000000017,14,20,5,0.3,1.0
0.008354250000000075,14,20,5,0.3,1.5
0.00282975,14,20,5,0.4,1.0
0.008354250000000075,14,20,5,0.4,1.5
0.00282975,14,20,5,0.5,1.0
0.008354250000000075,14,20,5,0.5,1.5
0.00282975,14,20,5,0.6,1.0
0.008354250000000075,14,20,5,0.6,1.5
0.00282975,14,20,5,0.7,1.0
0.008354250000000075,14,20,5,0.7,1.5
0.00282975,14,20,5,0.8,1.0
0.008354250000000075,14,20,5,0.8,1.5
0.00282975,14,20,5,0.9,1.0
0.008354250000000075,14,20,5,0.9,1.5
0.009846500000000171,14,23,5,0.1,1.0
0.01525212500000007,14,23,5,0.1,1.5
0.008855375000000063,14,23,5,0.2,1.0
0.012011000000000016,14,23,5,0.2,1.5
0.007071499999999972,14,23,5,0.3,1.0
0.015728499999999934,14,23,5,0.3,1.5
0.007071499999999972,14,23,5,0.4,1.0
0.015728499999999934,14,23,5,0.4,1.5
0.007071499999999972,14,23,5,0.5,1.0
0.015728499999999934,14,23,5,0.5,1.5
0.007071499999999972,14,23,5,0.6,1.0
0.015728499999999934,14,23,5,0.6,1.5
0.007071499999999972,14,23,5,0.7,1.0
0.015728499999999934,14,23,5,0.7,1.5
0.007071499999999972,14,23,5,0.8,1.0
0.015728499999999934,14,23,5,0.8,1.5
0.007071499999999972,14,23,5,0.9,1.0
0.015728499999999934,14,23,5,0.9,1.5
0.0009222499999998859,14,26,5,0.1,1.0
0.009466749999999885,14,26,5,0.1,1.5
0.008354749999999949,14,26,5,0.2,1.0
0.015049249999999927,14,26,5,0.2,1.5
0.008354749999999949,14,26,5,0.3,1.0
0.015049249999999927,14,26,5,0.3,1.5
0.006486957499999786,14,26,5,0.4,1.0
0.013181457499999763,14,26,5,0.4,1.5
0.006486957499999786,14,26,5,0.5,1.0
0.01613695749999982,14,26,5,0.5,1.5
0.006486957499999786,14,26,5,0.6,1.0
0.01613695749999982,14,26,5,0.6,1.5
0.006486957499999786,14,26,5,0.7,1.0
0.01613695749999982,14,26,5,0.7,1.5
0.006486957499999786,14,26,5,0.8,1.0
0.01613695749999982,14,26,5,0.8,1.5
0.006486957499999786,14,26,5,0.9,1.0
0.01613695749999982,14,26,5,0.9,1.5
0.008660750000000085,14,29,5,0.1,1.0
0.008660750000000085,14,29,5,0.1,1.5
0.00743100000000008,14,29,5,0.2,1.0
0.014024500000000115,14,29,5,0.2,1.5
0.005898375000000046,14,29,5,0.3,1.0
0.015573375000000056,14,29,5,0.3,1.5
0.005848374999999949,14,29,5,0.4,1.0
0.015523374999999959,14,29,5,0.4,1.5
0.005848374999999949,14,29,5,0.5,1.0
0.015523374999999959,14,29,5,0.5,1.5
0.005848374999999949,14,29,5,0.6,1.0
0.015523374999999959,14,29,5,0.6,1.5
0.005848374999999949,14,29,5,0.7,1.0
0.015523374999999959,14,29,5,0.7,1.5
0.005848374999999949,14,29,5,0.8,1.0
0.015523374999999959,14,29,5,0.8,1.5
0.005848374999999949,14,29,5,0.9,1.0
0.015523374999999959,14,29,5,0.9,1.5
0.0,17,17,5,0.1,1.0
0.0,17,17,5,0.1,1.5
0.0,17,17,5,0.2,1.0
0.0,17,17,5,0.2,1.5
0.0,17,17,5,0.3,1.0
0.0,17,17,5,0.3,1.5
0.0,17,17,5,0.4,1.0
0.0,17,17,5,0.4,1.5
0.0,17,17,5,0.5,1.0
0.0,17,17,5,0.5,1.5
0.0,17,17,5,0.6,1.0
0.0,17,17,5,0.6,1.5
0.0,17,17,5,0.7,1.0
0.0,17,17,5,0.7,1.5
0.0,17,17,5,0.8,1.0
0.0,17,17,5,0.8,1.5
0.0,17,17,5,0.9,1.0
0.0,17,17,5,0.9,1.5
0.0037340000000000346,17,20,5,0.1,1.0
0.01749262500000001,17,20,5,0.1,1.5
0.0037340000000000346,17,20,5,0.2,1.0
0.01749262500000001,17,20,5,0.2,1.5
0.012458250000000034,17,20,5,0.3,1.0
0.006634000000000097,17,20,5,0.3,1.5
0.012458250000000034,17,20,5,0.4,1.0
0.006634000000000097,17,20,5,0.4,1.5
0.012458250000000034,17,20,5,0.5,1.0
0.006634000000000097,17,20,5,0.5,1.5
0.012458250000000034,17,20,5,0.6,1.0
0.006634000000000097,17,20,5,0.6,1.5
0.012458250000000034,17,20,5,0.7,1.0
0.006634000000000097,17,20,5,0.7,1.5
0.012458250000000034,17,20,5,0.8,1.0
0.006634000000000097,17,20,5,0.8,1.5
0.012458250000000034,17,20,5,0.9,1.0
0.006634000000000097,17,20,5,0.9,1.5
0.01451750000000016,17,23,5,0.1,1.0
0.01451750000000016,17,23,5,0.1,1.5
0.008367500000000212,17,23,5,0.2,1.0
0.011231750000000176,17,23,5,0.2,1.5
0.008579250000000087,17,23,5,0.3,1.0
0.011231750000000176,17,23,5,0.3,1.5
0.008579250000000087,17,23,5,0.4,1.0
0.009363957500000014,17,23,5,0.4,1.5
0.008579250000000087,17,23,5,0.5,1.0
0.009363957500000014,17,23,5,0.5,1.5
0.008579250000000087,17,23,5,0.6,1.0
0.009363957500000014,17,23,5,0.6,1.5
0.008579250000000087,17,23,5,0.7,1.0
0.009363957500000014,17,23,5,0.7,1.5
0.008579250000000087,17,23,5,0.8,1.0
0.009363957500000014,17,23,5,0.8,1.5
0.008579250000000087,17,23,5,0.9,1.0
0.009363957500000014,17,23,5,0.9,1.5
0.007010750000000023,17,26,5,0.1,1.0
0.007010750000000023,17,26,5,0.1,1.5
0.007054250000000046,17,26,5,0.2,1.0
0.007054250000000046,17,26,5,0.2,1.5
0.009357375000000048,17,26,5,0.3,1.0
0.01444187500000001,17,26,5,0.3,1.5
0.009357375000000048,17,26,5,0.4,1.0
0.017998374999999983,17,26,5,0.4,1.5
0.009357375000000048,17,26,5,0.5,1.0
0.017998374999999983,17,26,5,0.5,1.5
0.009357375000000048,17,26,5,0.6,1.0
0.017998374999999983,17,26,5,0.6,1.5
0.009357375000000048,17,26,5,0.7,1.0
0.017998374999999983,17,26,5,0.7,1.5
0.009357375000000048,17,26,5,0.8,1.0
0.017998374999999983,17,26,5,0.8,1.5
0.009357375000000048,17,26,5,0.9,1.0
0.017998374999999983,17,26,5,0.9,1.5
0.005758500000000023,17,29,5,0.1,1.0
0.005758500000000023,17,29,5,0.1,1.5
0.014126249999999953,17,29,5,0.2,1.0
0.014126249999999953,17,29,5,0.2,1.5
0.00885124999999992,17,29,5,0.3,1.0
0.017301249999999907,17,29,5,0.3,1.5
0.007651249999999873,17,29,5,0.4,1.0
0.016101249999999862,17,29,5,0.4,1.5
0.007651249999999873,17,29,5,0.5,1.0
0.016101249999999862,17,29,5,0.5,1.5
0.007651249999999873,17,29,5,0.6,1.0
0.016101249999999862,17,29,5,0.6,1.5
0.007651249999999873,17,29,5,0.7,1.0
0.016101249999999862,17,29,5,0.7,1.5
0.007651249999999873,17,29,5,0.8,1.0
0.016101249999999862,17,29,5,0.8,1.5
0.007651249999999873,17,29,5,0.9,1.0
0.016101249999999862,17,29,5,0.9,1.5
